origin_preds,orig_preds_scaled,preds_eps=10.0,preds_scaled=10.0
55.85857009887695,0.5851147207922346,65.44319152832031,0.7200022526431649
53.14155197143555,0.5468772304643468,61.611968994140625,0.6660841969941816
60.860191345214844,0.6555041827170623,70.77799224853516,0.7950806589593272
55.87534713745117,0.5853508295777201,59.67917251586914,0.6388833160367632
68.88092803955078,0.7683826499877302,74.36323547363281,0.8455369668353053
54.50564956665039,0.5660746248712958,64.14097595214844,0.7016757442567129
58.6236457824707,0.6240285409244759,66.06137084960938,0.7287020936857972
52.36376190185547,0.5359311348301957,60.46058654785156,0.6498804128865148
59.153297424316406,0.6314825027982219,67.84754180908203,0.7538394654600172
58.39624786376953,0.6208282951737765,62.61114501953125,0.6801459300466253
58.40528869628906,0.6209555297853273,62.05351257324219,0.6722981851029529
58.38325500488281,0.6206454423944759,66.59603118896484,0.7362265446080521
56.01366424560547,0.587297411763468,60.86608123779297,0.6555870731137858
48.15378952026367,0.4766828079250735,52.66987991333008,0.5402392343547194
53.02037811279297,0.5451719108711346,62.517730712890625,0.6788312797649134
48.277122497558594,0.4784185135056856,66.91218566894531,0.7406758906570443
51.328147888183594,0.521356597976261,55.93708419799805,0.5862196755495931
54.02039337158203,0.5592454547314015,60.70922088623047,0.6533795257606335
54.61219024658203,0.5675740069244619,64.41997528076172,0.7056021936320741
60.560874938964844,0.6512918044213973,65.8531723022461,0.7257720470068004
55.68269348144531,0.5826395512709046,63.20645523071289,0.6885239265760731
55.759117126464844,0.5837150863796852,57.445892333984375,0.6074536290237074
57.8436393737793,0.6130512540205735,63.095436096191406,0.6869615177575227
57.30104446411133,0.6054151372788983,62.90972137451172,0.6843478933572098
55.34228515625,0.5778488728758195,67.98234558105469,0.7557366033093776
61.031036376953125,0.6579085410769427,63.57716369628906,0.693741028819069
54.241859436035156,0.5623622195449864,62.43952941894531,0.6777307272177435
54.33681106567383,0.563698505079211,62.9796257019043,0.6853316799633994
46.524139404296875,0.45374820549538636,53.623291015625,0.5536569025823633
57.086814880371094,0.6024002138400442,70.42996978759766,0.7901828243259907
63.357696533203125,0.6906523952022996,66.66427612304688,0.7371869780260457
41.19392013549805,0.37873427545284116,46.74481964111328,0.4568539110980095
58.479515075683594,0.6220001420518069,66.40058898925781,0.7334760222079694
55.54247283935547,0.580666180025594,62.32102966308594,0.6760630411530956
53.58122253417969,0.553064858997476,58.53700256347656,0.6228091823877019
63.32264709472656,0.690159132919207,68.09182739257812,0.7572773768754154
48.3609504699707,0.4795982521507615,56.16503143310547,0.5894276520108679
53.136444091796875,0.546805345593095,58.22125244140625,0.6183655270006609
55.58876419067383,0.5813176534480284,59.09156036376953,0.630613656826349
53.45263671875,0.5512552284969883,63.04997253417969,0.6863216940864413
52.793392181396484,0.5419774631533665,62.80059051513672,0.6828120588562617
50.11475372314453,0.5042801025414335,65.90579223632812,0.7265125846573204
51.50616455078125,0.5238618850575404,58.37726593017578,0.6205611561750097
62.793453216552734,0.6827116133042738,62.821739196777344,0.6831096912134086
55.416259765625,0.578889941899952,66.976318359375,0.7415784511167038
58.2012825012207,0.6180844834599568,65.15992736816406,0.7160157828898652
71.20110321044922,0.801035238779907,74.98735046386719,0.8543203425005423
50.706886291503906,0.5126133790576232,65.81549835205078,0.7252418491065151
57.445594787597656,0.6074494415554791,65.14241027832031,0.7157692591192992
53.72092819213867,0.5550309827016224,69.81494140625,0.7815273274981859
52.57606506347656,0.5389189470965464,63.08008575439453,0.6867454873453368
51.91876220703125,0.5296685076673885,63.65803909301758,0.694879214894803
53.806339263916016,0.5562330008250923,67.9002914428711,0.7545818284172009
61.31866455078125,0.6619564270309234,61.30889892578125,0.6618189921762525
51.19710159301758,0.519512340334655,59.81887435913086,0.6408493860554194
51.960025787353516,0.5302492236138635,58.75016403198242,0.6258090738893264
50.597373962402344,0.5110721760076645,63.514198303222656,0.6928548961193819
50.087371826171875,0.5038947480934538,57.665977478027344,0.6105509596898739
61.89444351196289,0.6700595538510293,66.7085952758789,0.7378106960500954
51.737998962402344,0.527124567033233,65.07902526855469,0.7148772210157005
58.963043212890625,0.628804992664683,72.65478515625,0.8214933832365017
57.80397415161133,0.6124930322944528,64.98191833496094,0.713510603179566
48.81407165527344,0.4859751757220041,61.490657806396484,0.6643769447233256
46.9108772277832,0.459190894167807,57.34375,0.6060161463406333
50.27434158325195,0.5065260350200116,54.24370193481445,0.5623881496367076
62.160484313964844,0.6738036336165011,73.20166015625,0.8291897350980756
58.993614196777344,0.6292352281823913,63.056800842285156,0.6864177911137307
60.17180633544922,0.6458163139145221,64.68328857421875,0.7093078882721201
52.41212463378906,0.5366117594737576,62.87236785888672,0.6838222050380933
48.60355758666992,0.483012541950513,55.99287414550781,0.5870048258423911
56.750335693359375,0.597664831499768,67.16061401367188,0.7441721045146974
57.195709228515625,0.6039327198406056,63.736289978027344,0.6959804653533442
49.8874626159668,0.501081359984457,58.70213317871094,0.6251331198834037
56.97993850708008,0.6008961074637488,70.18311309814453,0.7867087288902613
59.55646514892578,0.6371564148765285,64.93523406982422,0.7128536001516508
53.16860580444336,0.5472579679601773,57.129302978515625,0.6029981628288431
49.3253173828125,0.4931701051059894,58.931312561035156,0.6283584367579826
64.47837829589844,0.7064241184855946,65.78620910644531,0.7248296519134824
54.37933349609375,0.5642969372374209,65.70723724365234,0.7237182548973112
55.494056701660156,0.5799848037851706,65.89796447753906,0.7264024220316232
50.346717834472656,0.5075446098237897,70.82681274414062,0.7957677258617017
56.54471206665039,0.5947710225265928,65.72808837890625,0.7240116997862297
54.62788772583008,0.5677949227162474,60.68486404418945,0.6530367439063076
58.745361328125,0.6257414838572831,62.77257537841797,0.6824177926169245
53.885250091552734,0.5573435388734218,67.31500244140625,0.7463448636702611
53.56340789794922,0.5528141477586818,66.92073822021484,0.7407962535258616
59.7945442199707,0.6405069799995243,70.87394714355469,0.7964310637774495
53.140071868896484,0.5468564004941857,63.29265594482422,0.6897370575959949
61.64579772949219,0.6665602799204402,69.55320739746094,0.7778438586510437
52.21771240234375,0.5338757321560034,64.21084594726562,0.7026590476934915
56.307151794433594,0.5914277586302512,71.67414855957031,0.8076925616659725
58.84264373779297,0.6271105712259624,65.2431640625,0.7171872002839748
59.91289138793945,0.642172518644568,64.21800231933594,0.7027597616729301
53.14664077758789,0.5469488469081479,58.58744812011719,0.6235191193088616
44.32709503173828,0.4228284769528459,49.33028793334961,0.4932400572995973
57.525245666503906,0.6085703945888892,68.72386932373047,0.7661723109890923
54.914634704589844,0.5718304073220136,65.76876831054688,0.7245842018527184
58.19502258300781,0.6179963855706931,63.2993278503418,0.68983095351819
64.30530548095703,0.7039884077994925,73.5511703491211,0.8341085070725534
60.50482940673828,0.6505030572007623,74.393310546875,0.8459602232392998
52.187400817871094,0.5334491472516223,58.55516815185547,0.623064832691586
59.70480728149414,0.6392440825302744,71.87857055664062,0.8105694597097645
55.807350158691406,0.5843938857165835,67.865966796875,0.7540987663772285
55.01319122314453,0.5732174256443883,58.153480529785156,0.6174117505834404
56.899383544921875,0.5997624309691836,71.7694091796875,0.8090331957248956
56.02314758300781,0.5874308738918711,66.0506591796875,0.72855134482958
53.94266891479492,0.558151612870495,61.34551239013672,0.6623342655102884
57.02391815185547,0.601515047479179,63.00939178466797,0.6857505878426953
54.58084487915039,0.5671328732522621,62.855995178222656,0.683591786914559
58.88988494873047,0.6277754123354332,66.81494140625,0.7393073401432662
50.87541198730469,0.5149850966395192,56.461090087890625,0.5935941828979825
51.97466278076172,0.5304552148393996,62.01012420654297,0.671687566338489
56.67565155029297,0.5966137769744758,59.55609130859375,0.6371511536984981
65.98365783691406,0.7276084128813609,69.89852142333984,0.7827035765864049
61.296566009521484,0.6616454269867402,68.49825286865234,0.7629971363622723
63.44676208496094,0.6919058440252908,73.3785400390625,0.8316790239033034
54.48797607421875,0.5658258999956354,58.397911071777344,0.6208517020474625
57.369606018066406,0.6063800265925706,68.52644348144531,0.7633938721341544
52.24709701538086,0.5342892714862887,56.86159133911133,0.5992305688187051
58.258872985839844,0.6188949733040847,63.28570556640625,0.689639242633022
52.38862228393555,0.5362810031692156,66.52305603027344,0.7351995411823273
56.87335205078125,0.5993960811847013,69.904296875,0.7827848564184251
51.17755889892578,0.5192373095688427,58.675941467285156,0.624764515308337
55.558380126953125,0.5808900485193353,63.402000427246094,0.6912758984843889
50.636878967285156,0.5116281429432007,60.966304779052734,0.6569975519953367
52.47377395629883,0.5374793706793582,63.88041687011719,0.6980088105405232
57.993770599365234,0.6151641001691791,71.81185150146484,0.8096305004878132
64.64517211914062,0.7087714628549826,74.17984008789062,0.8429559832129767
60.698829650878906,0.6532332864855851,69.69801330566406,0.7798817598554615
40.784732818603516,0.3729756476711476,52.18467330932617,0.5334107621261966
52.66176986694336,0.5401250990027544,65.2164306640625,0.716810972369313
59.713348388671875,0.6393642843426215,69.4695816040039,0.7766669653369432
48.15821838378906,0.4767451367790864,56.889503479003906,0.5996233855498094
55.2408332824707,0.5764211072664546,67.76311492919922,0.7526512981929947
44.61266326904297,0.4268473727421695,53.83112335205078,0.55658179545431
54.54521179199219,0.5666313970891834,75.54386901855469,0.8621524112811039
49.23457336425781,0.49189303466735157,67.48638916015625,0.7487568453697365
56.35108947753906,0.5920461081052903,58.89194869995117,0.6278044561855805
54.54602813720703,0.5666428857840661,55.00927734375,0.5731623443315397
59.676109313964844,0.6388402065882082,63.709129333496094,0.6955982246637906
55.49037551879883,0.5799329972872185,63.724830627441406,0.6958191941410663
58.217750549316406,0.6183162437207438,69.50692749023438,0.7771925462850795
54.02484130859375,0.5593080520128649,71.75092315673828,0.8087730358398426
43.75414276123047,0.4147651310809085,51.644718170166016,0.5258117957436748
53.967166900634766,0.5584963810879547,65.16730499267578,0.7161196106277299
48.474876403808594,0.4812015693127726,55.79641342163086,0.58423996941645
55.534027099609375,0.5805473203504997,67.19502258300781,0.7446563476354521
49.483924865722656,0.4954022404136102,56.983497619628906,0.6009461960260175
58.10466003417969,0.6167246836810659,77.41667175292969,0.8885089805356277
63.615318298339844,0.6942779910911077,73.62467956542969,0.835143026466893
56.13853454589844,0.5890547525965927,60.45588302612305,0.6498142186772142
57.518028259277344,0.6084688216416089,63.89958953857422,0.6982786338137952
52.14495849609375,0.5328518424887047,63.50139617919922,0.6926747276145867
64.22996520996094,0.702928119369902,73.711181640625,0.836360398640533
72.77255249023438,0.8231507616870494,80.4725112915039,0.9315148160947166
44.946964263916016,0.4315521006675952,50.50688171386719,0.5097986488113737
51.78292465209961,0.5277568210502095,61.35204315185547,0.6624261750693495
57.5088996887207,0.6083403522637856,69.85980224609375,0.7821586688618306
56.02891540527344,0.5875120463529111,70.48316192626953,0.7909314148000266
66.64602661132812,0.7369301466413793,71.05952453613281,0.7990427555001187
56.80796813964844,0.5984759118842872,64.72209930419922,0.709854084448457
48.8432731628418,0.4863861381487643,56.75060272216797,0.5976685894840754
56.36534881591797,0.5922467844673059,63.763999938964844,0.6963704367534731
57.652164459228516,0.6103565645302007,61.23486328125,0.6607770641842783
57.17608642578125,0.6036565616795012,59.989654541015625,0.643252831761968
55.19221496582031,0.5757368856950555,58.639076232910156,0.6242456987319541
58.11792755126953,0.616911401815654,65.4894027709961,0.7206525986703071
61.191341400146484,0.6601645664276606,74.25968933105469,0.8440797278918722
56.41902542114258,0.5930021929985854,61.18883514404297,0.6601292950606611
55.09797286987305,0.5744105856619907,58.160064697265625,0.6175044117393632
57.35565948486328,0.6061837524407437,68.96920776367188,0.7696250395997596
65.39918518066406,0.7193829368293038,71.44917297363281,0.8045264062014901
52.96660232543945,0.5444151065171124,54.142372131347656,0.5609621019630261
58.734737396240234,0.6255919697673383,62.66320037841797,0.6808785222446097
58.13101577758789,0.6170955967322072,68.28764343261719,0.7600331604535285
57.15721893310547,0.6033910332454376,64.0980224609375,0.7010712456381211
51.94874572753906,0.5300904756196205,58.24403381347656,0.618686136747573
50.75056457519531,0.5132280779193351,63.285125732421875,0.689631082438526
60.06578826904297,0.6443242867735004,70.08377075195312,0.7853106513569249
62.12105941772461,0.6732487940762572,66.30265808105469,0.732097808305972
59.019989013671875,0.6296064096609831,66.25263977050781,0.7313938841597042
54.84284973144531,0.5708201537692019,64.56124877929688,0.707590382072654
56.84558868408203,0.599005358187711,65.47106170654297,0.7203944788338782
49.068084716796875,0.4895499851371721,55.100563049316406,0.5744470381097726
54.85110855102539,0.570936382855281,73.76771545410156,0.8371560176039017
60.94593048095703,0.6567108177926814,69.72262573242188,0.7802281386376244
49.42871856689453,0.4946253040007984,55.61803436279297,0.5817295822136106
48.18655776977539,0.4771439662850827,53.95472717285156,0.5583213127047195
62.136749267578125,0.6734696024970624,68.4439697265625,0.7622331918380661
53.502525329589844,0.5519573273365925,66.43540954589844,0.7339660633616555
51.95722961425781,0.5302098721496159,59.672645568847656,0.6387914601631921
49.89939498901367,0.501249288197508,62.343963623046875,0.676385798319612
54.82154846191406,0.5705203739924508,63.72034454345703,0.6957560600047018
64.79719543457031,0.7109109370066806,69.47702026367188,0.7767716520426496
61.22703552246094,0.660666901558581,76.32192993164062,0.8731023185850524
62.073490142822266,0.6725793360146373,67.63915252685547,0.7509067345065152
58.32593536376953,0.6198387642201455,64.89397430419922,0.7122729378906659
55.932861328125,0.586160245712046,64.76068878173828,0.7103971668663678
63.518428802490234,0.6929144333279094,66.69075012207031,0.7375595553273803
58.73798370361328,0.6256376561194185,65.53118896484375,0.7212406695289265
60.27113723754883,0.6472142303913881,64.04305267333984,0.7002976377256959
48.461708068847656,0.4810162470009272,59.809688568115234,0.6407201113952445
60.72507095336914,0.6536025889720233,64.60401916503906,0.7081923037877207
54.94158172607422,0.5722096416241214,60.92926025390625,0.6564762122009188
59.913429260253906,0.642180088298673,66.23991394042969,0.7312147893647112
58.475563049316406,0.6219445238840572,64.7366943359375,0.710059485133602
61.195465087890625,0.6602226004424651,73.42866516113281,0.8323844512432942
50.235076904296875,0.5059734502703521,57.307395935058594,0.6055045236199246
50.41675567626953,0.508530275422133,60.452484130859375,0.64976638490553
57.77199935913086,0.6120430405163857,64.0506591796875,0.7004046865929668
58.50646209716797,0.6223793763539145,68.19937133789062,0.7587908782124794
55.04376220703125,0.5736476611620965,57.87701416015625,0.6135209483735095
58.543434143066406,0.6228996961240204,63.95553207397461,0.6990659315261974
49.621395111083984,0.4973369044205545,61.653709411621094,0.6666716236269198
50.50043487548828,0.5097079203330949,61.24895477294922,0.6609753783847292
52.283233642578125,0.5347978341340613,61.41106414794922,0.6632567969722672
58.87645721435547,0.6275864394102606,66.96572875976562,0.74142942019617
42.4340705871582,0.39618732091527104,53.55626678466797,0.5527136485212036
58.78293228149414,0.6262702322493356,65.62654113769531,0.7225825920396122
55.354652404785156,0.5780229212347426,60.78862762451172,0.6544970429226767
56.02739715576172,0.587490679527849,58.645179748535156,0.6243315955161235
54.28186798095703,0.5629252729652165,59.58185577392578,0.637513745498673
51.649009704589844,0.5258721919200439,61.99324035644531,0.6714499543592806
54.9875602722168,0.5728567128363671,64.20002746582031,0.7025067956435513
57.709041595458984,0.6111570151876788,62.41722106933594,0.6774167744716046
57.57654571533203,0.6092923570598325,66.77027893066406,0.738678790425107
55.64922332763672,0.582168514780716,66.90231323242188,0.7405369526086505
54.29536056518555,0.563115158543721,60.535552978515625,0.6509354401380748
56.098426818847656,0.5884903033536198,62.072265625,0.6725621029723132
59.078041076660156,0.6304233954494138,75.78036499023438,0.8654806969257057
50.546897888183594,0.510361809602584,55.742156982421875,0.5834764006906745
52.93062210083008,0.5439087449744342,56.78411865234375,0.5981402702001454
57.505035400390625,0.6082859688623083,65.71304321289062,0.7237999642132523
54.85871124267578,0.571043378037062,58.74419403076172,0.6257250560973108
56.20014190673828,0.5899217732618021,66.38409423828125,0.7332438861487517
50.39409637451172,0.5082113836109043,60.603424072265625,0.651890612378038
51.81178665161133,0.5281630054683504,56.4719123840332,0.5937464886334127
50.94249725341797,0.5159292096685205,60.34412384033203,0.6482413948735832
52.459716796875,0.5372815396483182,64.07378387451172,0.7007301280339885
53.29768753051758,0.5490745775743789,58.950279235839844,0.6286253610147889
57.73809051513672,0.6115658301948348,67.32122039794922,0.7464323710191336
62.72576904296875,0.6817590716533257,68.44195556640625,0.7622048458992902
54.195068359375,0.5617037133233482,56.9010124206543,0.5997853546734588
54.741111755371094,0.569388361748079,65.58796691894531,0.7220397243636618
60.30356216430664,0.6476705570572878,71.35566711425781,0.8032104674680156
61.249839782714844,0.6609878334184338,60.67475128173828,0.6528944236720371
54.93622970581055,0.5721343208815028,57.210670471191406,0.6041432743328008
58.36640930175781,0.6204083672701686,63.12152099609375,0.6873286191388664
58.160823822021484,0.6175150951518943,63.921810150146484,0.6985913517936617
53.893611907958984,0.5574612174677338,61.70867156982422,0.6674451241683648
51.862327575683594,0.5288742845267627,63.259727478027344,0.6892736444454013
49.94108963012695,0.501836070604365,58.009368896484375,0.6153836201382219
56.448211669921875,0.5934129406833851,62.55931091308594,0.6794164516070671
50.301517486572266,0.5069084904515255,54.199405670166016,0.5617647537255985
58.990234375,0.6291876628381575,65.60070037841797,0.7222189265296352
52.64780044555664,0.5399285027379869,69.55967712402344,0.7779349092422632
67.31201171875,0.7463027742460182,74.74327087402344,0.8508853301016099
55.391632080078125,0.5785433483758287,62.259666442871094,0.675199456359253
48.42011260986328,0.4804308604168131,52.91704559326172,0.5437176783151475
51.75457000732422,0.5273577768022528,56.13409423828125,0.5889922626861095
51.09709167480469,0.51810486784055,53.430137634277344,0.550938591476344
51.089630126953125,0.5179998590219029,58.85486602783203,0.6272825795362615
56.37264633178711,0.5923494848098785,62.59925079345703,0.6799785386884752
59.77558135986328,0.6402401094282082,64.40484619140625,0.7053892769783143
53.73187255859375,0.5551850063727362,62.52854919433594,0.6789835318148536
50.62342071533203,0.5114387405341073,55.9473876953125,0.5863646800583691
52.641788482666016,0.53984389440558,71.19673156738281,0.8009737152082458
64.47891235351562,0.7064316344542094,69.64512634277344,0.779137464220634
46.665103912353516,0.4557320454112676,56.262474060058594,0.5907989941701316
50.65508270263672,0.5118843301019858,67.07604217529297,0.7429818971990508
50.29682922363281,0.5068425109841855,64.32151794433594,0.7042165711324423
57.27263641357422,0.6050153414340801,71.88240051269531,0.8106233599418307
51.55942916870117,0.5246114955558883,64.3320541381836,0.7043648504561146
56.08502197265625,0.5883016525413879,70.7020034790039,0.7940112439964188
58.324623107910156,0.6198202964115491,78.09199523925781,0.8980130302200455
49.74388885498047,0.4990607991933433,57.316917419433594,0.6056385226032287
59.41325759887695,0.635141007892465,67.99373626708984,0.7558969081828336
61.46672821044922,0.6640401756438917,70.02019500732422,0.784415928978821
57.62237548828125,0.6099373345379642,67.02012634277344,0.7421949752850794
50.109535217285156,0.5042066607909688,59.90937042236328,0.6421229669372004
76.99929809570312,0.882635143692167,79.85275268554688,0.9227927492591805
53.58229446411133,0.5530799446201958,62.922119140625,0.6845223712000538
60.785804748535156,0.6544573156599984,72.64006042480469,0.8212861572446931
54.526031494140625,0.5663614664449312,65.0584945678711,0.7145882857079509
61.228668212890625,0.6606898789483463,65.18750762939453,0.7164039289833305
64.64122772216797,0.7087159520582131,67.29510498046875,0.7460648401538691
51.52916717529297,0.5241856085628787,61.49737548828125,0.6644714848714021
63.005374908447266,0.6856940570216138,66.24163818359375,0.731239055206239
59.17011642456055,0.6317192021240986,68.40226745605469,0.761646302060229
55.367225646972656,0.5781998686101315,70.93598937988281,0.797304204588531
56.262088775634766,0.5907935719356309,71.65093231201172,0.8073658317731882
49.57490158081055,0.49668258566714446,60.821205139160156,0.6549555170081807
51.43695068359375,0.5228878155250599,63.217288970947266,0.6886763933679737
55.11660385131836,0.5746727855956676,66.01009368896484,0.7279804533277944
59.05757141113281,0.6301353191095059,68.19931030273438,0.7587900192446376
49.755523681640625,0.4992245399381661,64.27932739257812,0.7036228096118716
47.717254638671875,0.4705393088648112,54.316436767578125,0.5634117708765557
59.2509765625,0.6328571734578722,65.03797149658203,0.7142994577711814
55.742164611816406,0.5834765080616547,62.85281753540039,0.6835470669013008
54.919193267822266,0.5718945614826901,67.72673034667969,0.7521392459883651
55.72982406616211,0.5833028355011624,73.28627014160156,0.8303804792686232
53.1666145324707,0.5472299441343421,59.068023681640625,0.6302824173523959
58.946693420410156,0.6285748966540894,67.55706787109375,0.7497515301304176
56.95122528076172,0.6004920167797221,65.25337219238281,0.7173308626554981
62.88753128051758,0.684035604861264,70.95822143554688,0.7976170836248679
56.51722717285156,0.59438421857038,67.9559326171875,0.7553648849758847
52.19768524169922,0.5335938833329477,52.91455078125,0.5436825680046182
49.90004348754883,0.5012584147308261,63.63019943237305,0.6944874181880105
54.170860290527344,0.5613630252031365,55.43617248535156,0.5791701801583046
56.23938751220703,0.590474089584011,68.62550354003906,0.764787976941223
57.928802490234375,0.6142497825871864,64.92410278320312,0.7126969458915219
49.790382385253906,0.49971511794675333,67.11531829833984,0.7435346430051806
51.79088592529297,0.5278688626680604,64.25141906738281,0.7032300465662573
56.803932189941406,0.5984191126357552,59.838314056396484,0.6411229673129988
53.62287139892578,0.5536509971784517,64.18268585205078,0.7022627414055301
53.10382843017578,0.54634633465269,55.178897857666016,0.575549469649096
51.64119338989258,0.525762190350817,59.224830627441406,0.6324892131086868
55.59752655029297,0.5814409690188016,60.101654052734375,0.6448290377514756
52.17521667480469,0.5332776757962243,60.154449462890625,0.6455720449345405
59.340484619140625,0.6341168497977158,68.19188690185547,0.7586855472808917
49.30501937866211,0.4928844446131362,60.56707763671875,0.6513790970283095
52.85302734375,0.5428167284201911,61.02338790893555,0.6578009016692805
62.46116638183594,0.6780352313176239,69.84101104736328,0.7818942141375692
53.61068344116211,0.5534794720375635,63.096248626708984,0.6869729527669153
53.289894104003906,0.5489648981180927,61.676395416259766,0.6669908912365793
56.04444122314453,0.5877305462976419,63.72907257080078,0.6958788924060639
55.5279541015625,0.5804618530502512,58.27223205566406,0.6190829798904355
52.914894104003906,0.5436873996987278,58.6678466796875,0.6246505946983324
49.100887298583984,0.4900116266665922,64.72003173828125,0.7098249869128197
52.365509033203125,0.5359557227846642,64.78668212890625,0.7107629797959489
53.510650634765625,0.552071677430518,67.03623962402344,0.7424217427952864
56.43109893798828,0.5931721075747703,61.68263244628906,0.6670786670129023
53.79420471191406,0.5560622272810656,67.31841278076172,0.7463928584984157
62.770774841308594,0.6823924530655945,63.92341613769531,0.6986139533849963
52.65541076660156,0.540035605290748,61.557411193847656,0.6653163871146879
52.2232666015625,0.5339538982295975,60.470211029052734,0.6500158613780518
52.756744384765625,0.5414617066499197,65.31361389160156,0.7181786639152495
64.80780029296875,0.7110601826691749,68.99012756347656,0.7699194508275001
62.684349060058594,0.6811761546017565,72.20849609375,0.8152126103780387
58.72920608520508,0.6255141258066849,64.70112609863281,0.709558921623855
58.746116638183594,0.6257521135843241,63.06657409667969,0.6865553333393819
53.59329605102539,0.5532347735736611,58.486968994140625,0.6221050434994736
57.29863357543945,0.6053812080491514,65.4321517944336,0.7198468868347985
60.01793670654297,0.6436508559856127,71.80787658691406,0.8095745602071229
57.25492477416992,0.6047660797035187,64.47016906738281,0.7063085873108869
53.92262649536133,0.5578695493054788,68.17286682128906,0.7584178714272239
60.185264587402344,0.6460057163236155,66.69154357910156,0.7375707219093223
57.57933807373047,0.60933165483859,72.93147277832031,0.8253872992048589
54.44255065917969,0.565186613179455,58.95860290527344,0.6287425027541999
53.777183532714844,0.5558226826242133,58.444435119628906,0.6215064502847935
67.0916748046875,0.7432019003375046,74.42961120605469,0.846471094363147
53.661537170410156,0.5541951533061645,55.2213020324707,0.5761462375571126
49.85248947143555,0.5005891714111665,63.505611419677734,0.6927340500811536
52.746009826660156,0.5413106356807618,58.57089614868164,0.6232861779672924
57.142784118652344,0.6031878873508771,63.230674743652344,0.6888647757527552
70.86751556396484,0.7963405500411311,75.26365661621094,0.8582088899198889
54.11054992675781,0.5605142576045631,65.87274932861328,0.7260475609420236
64.90200805664062,0.7123859995328289,65.91825866699219,0.7266880288389863
56.889617919921875,0.5996249961145127,63.65561294555664,0.6948450709230957
57.72564697265625,0.6113907081261096,64.94681549072266,0.7130165892996121
54.913394927978516,0.5718129595377293,62.45183563232422,0.677903916608825
60.93376922607422,0.6565396684502239,70.49923706054688,0.7911576454553326
59.78953552246094,0.6404364909510154,64.44462585449219,0.7059491092691381
57.17491149902344,0.6036400265485485,65.846923828125,0.725684110174007
43.20448684692383,0.40702964249704743,53.78598403930664,0.5559465350498876
61.74243927001953,0.6679203481267817,72.36734771728516,0.8174481815570264
58.268550872802734,0.6190311733924833,65.4284896850586,0.719795348764297
59.078369140625,0.630428012401563,61.10575485229492,0.658960078771646
56.895145416259766,0.599702786389676,63.44187927246094,0.6918371265979554
50.90155029296875,0.5153529496177244,60.107093811035156,0.6449055932603666
56.68014907836914,0.5966770721673106,61.791778564453125,0.6686147162558107
58.871212005615234,0.627512621861365,65.98795318603516,0.7276688627432201
47.19267272949219,0.46315669500741585,51.28217315673828,0.5207095804495054
65.02505493164062,0.714117678701683,77.11854553222656,0.8843133521128757
63.1658935546875,0.6879530887597777,65.96485900878906,0.7273438507861193
60.15507507324219,0.6455808493549179,66.39056396484375,0.7333349367399712
58.216697692871094,0.6183014265254746,66.41970825195312,0.7337450938843798
56.692420959472656,0.5968497783889811,60.51705551147461,0.6506751191965515
53.968780517578125,0.5585190900502695,64.91743469238281,0.7126031036548169
57.54431915283203,0.6088388220394183,69.50597381591797,0.777179124912553
50.22248840332031,0.5057962881530028,60.12881088256836,0.645211224755539
60.01534652709961,0.6436144035378308,72.76992797851562,0.8231138260698565
61.99693298339844,0.6715019219137031,72.61668395996094,0.8209571725613245
53.16520690917969,0.5472101341884931,60.51240539550781,0.6506096765841125
63.24279022216797,0.6890352808693313,65.79959106445312,0.7250179806127737
56.09504699707031,0.5884427380093861,59.256595611572266,0.6329362521847981
50.958106994628906,0.5161488906940337,60.458343505859375,0.6498488458183325
47.994789123535156,0.4744451430119718,60.172119140625,0.6458207161247107
57.758949279785156,0.6118593824547336,70.83805847167969,0.7959259906865338
50.54560852050781,0.5103436639069282,55.039390563964844,0.5735861375904352
60.2120475769043,0.6463826421496486,65.52381134033203,0.7211368417910617
53.68472671508789,0.554521507400518,63.95547866821289,0.6990651799293359
55.98987579345703,0.5869626290471679,66.89447021484375,0.7404265752409929
53.65850067138672,0.5541524196560403,63.865516662597656,0.6977991150161698
61.48522186279297,0.6643004428999248,69.53506469726562,0.7775885304601002
58.14263153076172,0.6172590690495795,64.66641998291016,0.7090704910348721
52.197303771972656,0.5335885147839371,57.345577239990234,0.606041861690394
55.78468322753906,0.5840748865343746,61.328163146972656,0.662090103901287
60.51590347290039,0.6506589061785396,61.96964645385742,0.6711179096029759
66.07259368896484,0.7288600363976886,82.25167846679688,0.9565536213091024
56.30842971801758,0.5914457432694367,55.746177673339844,0.5835329851972462
58.90013122558594,0.6279196115618575,64.17135620117188,0.7021032954999158
58.26490783691406,0.6189799037494322,55.066307067871094,0.5739649424086221
55.46449279785156,0.5795687412368503,60.75006103515625,0.6539542826177066
57.9189453125,0.6141110592807529,62.81565856933594,0.6830241165421799
54.517784118652344,0.5662453984153224,61.83183288574219,0.6691784139019221
46.792049407958984,0.4575185911510099,50.108192443847656,0.5041877634984515
59.120548248291016,0.6310216128656633,68.30839538574219,0.7603252095197044
58.009918212890625,0.6153913508487971,74.58370971679688,0.8486397734214627
53.20706558227539,0.5477992250714245,65.59098815917969,0.7220822432718257
59.77581787109375,0.6402434379285947,72.91940307617188,0.8252174383141639
55.3829345703125,0.5784209454583874,66.42082977294922,0.733760877418471
49.007179260253906,0.48869284260214213,57.09117889404297,0.6024616300407253
61.12062454223633,0.6591693448120785,68.33014678955078,0.7606313241842879
56.65153121948242,0.5962743236205366,66.39086151123047,0.7333391242081995
57.391090393066406,0.6066823832728467,61.86572265625,0.6696553557960224
62.659542083740234,0.6808270378595982,70.21774291992188,0.7871960857694422
52.25138473510742,0.5343496139771676,55.05339050292969,0.5737831633391237
59.169883728027344,0.6317159273092021,73.16427612304688,0.8286636172950383
58.2489128112793,0.6187548004894184,70.38994598388672,0.7896195561638002
46.39643096923828,0.4519509226576229,50.09832000732422,0.5040488254500576
58.91016387939453,0.6280608044008359,66.29145812988281,0.7319401877070213
68.11164855957031,0.7575563266820053,75.41619873046875,0.8603556652982414
65.01934051513672,0.7140372578375045,70.04279327392578,0.7847339618222079
55.10538864135742,0.5745149502547564,59.63236999511719,0.6382246487586546
59.052940368652344,0.6300701449245174,64.64631652832031,0.7087875685020143
46.749305725097656,0.45691704523437393,51.88227462768555,0.5291550059545261
69.62495422363281,0.7788535753489544,71.33406066894531,0.8029063928520561
68.45530700683594,0.7623927451146607,75.97398376464844,0.8682055576615181
49.64072036743164,0.4976088751134307,54.18046569824219,0.561498205267223
49.416927337646484,0.49445936215088127,56.85576629638672,0.5991485910753134
43.80422592163086,0.4154699678805081,51.10321807861328,0.51819108673766
50.399085998535156,0.5082816042319628,54.57582473754883,0.5670622231472828
63.032379150390625,0.6860740966060731,67.51888275146484,0.7492141383744582
55.01567077636719,0.5732523212129571,61.11105728149414,0.659034701602893
59.51543426513672,0.63657897374495,66.84220123291016,0.7396909766555625
51.80648422241211,0.5280883826371032,62.481719970703125,0.6783244887383142
59.25596237182617,0.6329273403934406,67.95631408691406,0.7553702535248953
55.83203125,0.5847412308375682,67.79822540283203,0.7531454194439289
53.33912658691406,0.5496577630533988,61.47107696533203,0.6641013771026123
50.28685760498047,0.5067021771130488,58.747764587402344,0.6257753057160498
41.12893295288086,0.37781968944339794,47.61588668823242,0.4691127243362286
51.51327133178711,0.5239619011256076,64.35515594482422,0.7046899697841956
51.16969299316406,0.5191266100882445,54.30759811401367,0.5632873815959805
52.0810546875,0.5319525031584516,59.00318145751953,0.6293698713915767
56.314579010009766,0.5915322842794873,62.138702392578125,0.6734970894679967
59.988162994384766,0.6432318407353366,61.67543029785156,0.6669773088075824
62.319358825683594,0.6760395269084293,72.00599670410156,0.8123627698212601
51.00857925415039,0.5168592034136241,59.82649230957031,0.6409565959791608
60.3916015625,0.6489095644834406,69.12272644042969,0.7717855584635792
62.307716369628906,0.6758756787926262,66.76034545898438,0.7385389934088713
62.66838455200195,0.6809514808256635,76.83448028564453,0.8803156084066538
53.10877227783203,0.5464159110478672,63.985530853271484,0.6994881142203898
49.69150161743164,0.49832353635771975,56.46582794189453,0.593660860276694
51.38655090332031,0.5221785228297815,63.88337707519531,0.6980504704808453
59.614784240722656,0.6379771586492666,72.02156066894531,0.812581806620892
60.86603546142578,0.6555864288879045,56.8123779296875,0.5985379723108495
59.64716339111328,0.638432841089285,62.331146240234375,0.6762054150728564
45.71019744873047,0.44229333247150227,48.36538314819336,0.47966063469026454
50.84676742553711,0.5145819722943143,56.3007698059082,0.5913379428053042
54.789146423339844,0.5700643694394918,61.958717346191406,0.6709641006738227
57.94136047363281,0.6144265152206149,67.96791076660156,0.7555334574148171
57.83694076538086,0.6129569822999476,62.79462432861328,0.6827280947497363
55.058494567871094,0.5738549945248853,64.93737030029297,0.71288366402611
51.09429168701172,0.5180654626908123,59.40632629394531,0.6350434613569427
54.191612243652344,0.5616550742693123,62.86437225341797,0.6837096802508315
58.25286102294922,0.618810364971678,71.9338607788086,0.8113475772033586
46.50027084350586,0.4534122953837941,64.67467498779297,0.7091866664354611
56.36347198486328,0.5922203712061739,60.957244873046875,0.6568700489563353
51.07883071899414,0.5178478753994133,61.750457763671875,0.6680331950269842
48.859519958496094,0.4866147846511251,55.435707092285156,0.5791636305285116
51.72132873535156,0.5268899614414705,60.693031311035156,0.6531516845406242
57.27939224243164,0.6051104184370576,58.473506927490234,0.6219155874048902
57.321163177490234,0.6056982745537165,67.58773803710938,0.7501831614708686
64.39248657226562,0.7052153359903715,68.9258804321289,0.7690152798031374
51.45948791503906,0.5232049894006052,55.891441345214844,0.5855773286604767
50.070899963378906,0.5036629341471768,57.18388366699219,0.6037662948212775
54.350608825683594,0.563892685496924,62.10714340209961,0.673052949408351
49.84507751464844,0.500484860503891,61.18925094604492,0.6601351467790827
62.37201690673828,0.6767806014138503,71.70390319824219,0.808111308488798
58.69081115722656,0.6249737813487696,68.7139892578125,0.7660332655697182
51.696868896484375,0.5265457300789118,56.6887321472168,0.5967978645200488
62.068153381347656,0.6725042300139792,64.12660217285156,0.701473457329994
56.69355773925781,0.5968657766650327,65.4168930053711,0.7196321448743751
58.33965301513672,0.6200318172425662,69.86002349853516,0.7821617826202567
57.152462005615234,0.6033240874392757,63.96080780029297,0.6991401785590138
58.18669891357422,0.6178792438312822,63.69878005981445,0.6954525759291335
53.51143264770508,0.5520826829559896,63.86187744140625,0.6977478990586088
53.05522918701172,0.5456623815087416,69.32344055175781,0.7746102742109884
51.29544448852539,0.5208963522695836,57.73320770263672,0.6114971127674994
62.32781982421875,0.676158601325484,66.45693969726562,0.7342690642678129
48.31712341308594,0.4789814595549355,51.27055740356445,0.5205461081321331
53.40690612792969,0.5506116468415994,63.79930877685547,0.6968673496498927
57.538822174072266,0.6087614612481759,68.9052734375,0.7687252707855857
57.4387321472168,0.6073528613587786,70.30323791503906,0.7883992849736944
47.07951736450195,0.4615642223144062,54.73931884765625,0.5693631295677293
53.239620208740234,0.5482573770439878,60.62360763549805,0.652174662306188
58.999752044677734,0.6293216081359716,65.75282287597656,0.724359796504076
56.49095916748047,0.5940145402855113,71.31954956054688,0.8027021732476936
55.72847366333008,0.5832838308376649,69.46078491210938,0.7765431665967593
60.08262634277344,0.6445612545268277,76.58598327636719,0.8768184282101789
61.814002990722656,0.6689274879211674,70.25494384765625,0.7877196266689543
62.27501678466797,0.6754154867714389,71.0595703125,0.799043399726
69.3589859008789,0.7751105156077946,77.9087905883789,0.8954347308722223
58.85886764526367,0.6273388956153826,69.3284683227539,0.7746810316869479
56.55580139160156,0.5949270862463304,65.14823150634766,0.7158511831772008
52.28411102294922,0.5348101817967857,64.63894653320312,0.7086838481351299
54.571022033691406,0.5669946331152396,56.927059173583984,0.6001519191999015
54.990081787109375,0.5728921989453271,61.69513702392578,0.6672546480494692
56.85636520385742,0.59915701969726,62.158836364746094,0.6737804414847753
54.114646911621094,0.5605719158209368,62.04900360107422,0.6722347288536479
56.32884979248047,0.5917331216979733,68.12162780761719,0.7576967679241222
47.39270782470703,0.4659718547375861,51.892337799072266,0.5292966282774254
57.244537353515625,0.6046198941139604,67.79276275634766,0.7530685418220974
61.801513671875,0.6687517216265608,73.08319854736328,0.8275225858883287
64.59437561035156,0.7080565868687331,70.13771057128906,0.7860697641870216
52.24494171142578,0.534258939184379,63.88825988769531,0.6981191879081808
55.31732940673828,0.577497662399547,66.8509521484375,0.7398141311698654
57.37531661987305,0.6064603937712592,66.67035675048828,0.7372725526972744
55.66530990600586,0.5823949064924924,62.73577880859375,0.6818999423793635
54.66053009033203,0.5682543094550832,62.24782180786133,0.6750327629124744
52.59756851196289,0.539221572204273,63.376773834228516,0.6909208763383189
43.26414489746094,0.40786922987681273,49.54132843017578,0.4962100996687229
60.66600036621094,0.6527712691577342,71.54753875732422,0.8059107402493595
62.86663055419922,0.6837414620609742,69.46614837646484,0.776618648395848
51.90406799316406,0.5294617111595008,57.234500885009766,0.604478647589492
58.001197814941406,0.6152686258184151,66.97853088378906,0.7416095887009653
62.600196838378906,0.6799918526900215,66.80221557617188,0.739128245348273
54.6962890625,0.5687575572393353,59.065513610839844,0.6302470922999063
52.77912902832031,0.5417767331058607,66.22212982177734,0.7309645076098377
58.6696891784668,0.6246765247900535,69.45051574707031,0.7763986452573943
51.548561096191406,0.5244585455945767,62.973854064941406,0.6852504538168692
59.08964157104492,0.6305866530248257,63.89784622192383,0.6982540995448169
63.88817596435547,0.6981180068273986,72.21995544433594,0.8153738815903167
50.53033447265625,0.5101287072045445,54.839263916015625,0.5707696894085024
65.82404327392578,0.7253621046043521,74.57234191894531,0.8484797906609473
52.489627838134766,0.5377024875762381,57.811920166015625,0.6126048591703434
66.9583969116211,0.7413262366841866,73.71411895751953,0.8364017364679146
49.082183837890625,0.48974840670860326,68.364990234375,0.7611216874509147
63.765167236328125,0.6963868645134454,75.31800842285156,0.858973800782917
54.49226760864258,0.5658862961720045,63.20735549926758,0.6885365963517381
55.75642776489258,0.5836772381091605,62.332969665527344,0.6762310767371269
53.600486755371094,0.5533359707225106,57.644287109375,0.6102457039931322
51.25593948364258,0.5203403853340475,59.65069580078125,0.638482553853123
52.48432540893555,0.537627864744991,56.603477478027344,0.5955980475016732
59.1461296081543,0.6313816277623131,64.87642669677734,0.712025984636179
63.27932357788086,0.689549426808075,70.57220458984375,0.7921845415100772
53.87445831298828,0.5571916626219123,64.01629638671875,0.6999210876980935
57.35111999511719,0.6061198667075177,67.86332702636719,0.7540616160180753
54.51539993286133,0.5662118449840063,60.43867874145508,0.6495720971168368
53.66155242919922,0.554195368048125,65.45822143554688,0.7202137734741819
57.654632568359375,0.6103912990422992,64.63731384277344,0.7086608707453645
54.817344665527344,0.5704612125823542,63.53426742553711,0.6931373354828287
52.673179626464844,0.540285672303661,64.60542297363281,0.7082120600480797
62.7509651184082,0.6821136643154748,70.94532775878906,0.7974356266683101
54.886436462402344,0.5714335641791513,62.75617218017578,0.6821869450094693
56.30702590942383,0.5914259870090778,68.71959686279297,0.7661121832401738
52.8050537109375,0.54214157969662,61.00556182861328,0.657550029374016
56.24399185180664,0.5905388879705687,62.86000442504883,0.6836482103646603
60.22523498535156,0.6465682328889445,67.67264556884766,0.7513780931096445
56.46364212036133,0.5936300984908633,67.0051498413086,0.7419842060509239
47.1947021484375,0.46318525568815216,53.990421295166016,0.55882364783564
59.53521728515625,0.6368573866966389,72.16089630126953,0.814542722832498
57.719276428222656,0.6113010533576329,67.72236633300781,0.7520778297876841
46.618492126464844,0.4550760624076643,58.3563346862793,0.620266583890799
56.40144729614258,0.5927548102601776,65.78434753417969,0.7248034533943107
60.57790756225586,0.65153151013472,66.27854919433594,0.7317585160085032
64.35015869140625,0.704619641792157,67.3233642578125,0.7464625422645732
63.733421325683594,0.6959400938647846,75.3011474609375,0.8587365109166492
52.60974884033203,0.5393929899741811,65.0118637084961,0.713932034276897
65.21312713623047,0.7167644807348813,77.05692291259766,0.8834461167057058
56.155635833740234,0.5892954246487372,60.239131927490234,0.6467638091294001
50.54086685180664,0.5102769328427267,55.47454833984375,0.5797102561887694
63.63127136230469,0.6945025038107303,66.6555404663086,0.7370640382537034
52.71469497680664,0.540869931492483,61.23308563232422,0.6607520467458889
54.316917419433594,0.5634185352483091,62.56084060668945,0.6794379794885995
57.34717559814453,0.6060643559107483,68.8697738647461,0.7682256736146607
54.223876953125,0.5621091461446275,66.7729721069336,0.7387166923811217
56.43894958496094,0.5932825923134082,67.1365737915039,0.7438337785560504
59.29643630981445,0.6334969434434635,67.82920837402344,0.7535814529945686
48.97568893432617,0.4882496688813184,56.090354919433594,0.5883767048565559
57.905311584472656,0.6139191873391147,64.13133239746094,0.7015400273377252
42.148956298828125,0.3921748136992701,51.19541931152344,0.5194886650335183
56.335052490234375,0.5918204143048854,64.12744903564453,0.7014853755087975
56.90033721923828,0.59977585234171,59.87214660644531,0.6415991039247475
59.36671829223633,0.6344860449131736,67.85742950439453,0.7539786182503716
51.573768615722656,0.5248132993131962,63.94373321533203,0.6988998823053001
49.36071014404297,0.49366819908319143,53.91990661621094,0.5578312715510334
53.7716064453125,0.5557441944376785,58.877532958984375,0.6276015787184704
53.271095275878906,0.5487003360228512,68.15226745605469,0.7581279697806523
57.190101623535156,0.6038538021701501,69.5487289428711,0.7777808318856594
59.33343505859375,0.6340176390120001,67.35919189453125,0.7469667563876472
48.99492645263672,0.4885204048079222,51.9608268737793,0.5302604975667857
59.9681396484375,0.642950045597771,65.5011978149414,0.7208185942057144
49.586097717285156,0.49684015258060515,62.6228141784668,0.6803101539608591
46.24762725830078,0.44985675905957406,51.29816436767578,0.5209346300240291
56.50850296020508,0.5942614398545081,70.37159729003906,0.7893613289563911
57.18946075439453,0.6038447830078123,63.825660705566406,0.6972382090155439
64.80171966552734,0.7109746079979462,72.23564910888672,0.8155947436966121
50.383209228515625,0.5080581652221422,55.84101867675781,0.5848677138522577
55.43862533569336,0.5792046999284426,64.27583312988281,0.7035736337029347
70.65020751953125,0.7932823024117616,70.60063934326172,0.7925847131533262
55.14122009277344,0.5750192180633207,69.21582794189453,0.7730958065351025
52.75899887084961,0.5414934347745722,61.80326843261719,0.6687764169520095
53.087215423583984,0.5461125343432791,64.22125244140625,0.7028055017105003
54.782649993896484,0.5699729430498416,60.68580627441406,0.6530500042223638
52.85503387451172,0.5428449669879869,64.3218994140625,0.7042219396814529
70.60929870605469,0.7927065792158665,80.6455078125,0.9339494530710167
52.154117584228516,0.5329807413504488,62.245811462402344,0.6750044706591886
54.49751281738281,0.5659601137208999,57.223167419433594,0.6043191479983875
60.626075744628906,0.6522093968182865,64.64583587646484,0.708780804130261
64.53718566894531,0.7072517340010663,69.10820007324219,0.7715811241172562
56.545188903808594,0.594777733212856,69.32646179199219,0.7746527931191522
62.431640625,0.6776197056242047,64.79426574707031,0.7108697065502794
65.86111450195312,0.7258838201972008,64.81472778320312,0.7111576755192072
52.39280319213867,0.5363398424663716,61.23284149169922,0.6607486108745222
54.466102600097656,0.5655180673953685,60.578773498535156,0.651543696740974
63.929176330566406,0.6986950184750561,73.38908386230469,0.831827410597956
53.45698928833008,0.551316483641199,65.85139465332031,0.7257470295684111
55.48638916015625,0.5798768959500579,69.03545379638672,0.7705573418209377
59.13025665283203,0.6311582424379827,66.24359130859375,0.7312665421771731
52.01722717285156,0.5310542375380006,63.339744567871094,0.6903997512858614
48.53554916381836,0.48205543703290604,53.91962432861328,0.5578272988247656
71.16677856445312,0.8005521767399346,77.40569305419922,0.888354473695103
51.256103515625,0.520342693810122,54.921119689941406,0.5719216726551936
52.43033218383789,0.5368680003180328,64.11477661132812,0.7013070323106659
58.639034271240234,0.624245108191563,65.44651794433594,0.7200490663905371
58.239501953125,0.6186223583853273,65.53704833984375,0.721323130441729
49.433475494384766,0.4946922498069604,52.36206817626953,0.5359072984725888
56.422401428222656,0.593049704657329,67.6129150390625,0.7505374857055672
52.85718536376953,0.5428752456044066,60.73170471191406,0.6536959480393173
54.154945373535156,0.561139049338415,66.33050537109375,0.7324897123837447
59.521217346191406,0.6366603609479504,64.86333465576172,0.7118417360341358
53.93631362915039,0.5580621728439786,66.34774780273438,0.7327323707990232
54.31945037841797,0.5634541824137393,63.05440902709961,0.6863841303114344
48.803009033203125,0.4858194878006971,53.24302291870117,0.5483052645011622
56.1645622253418,0.5894210486955849,69.86773681640625,0.7822703346812507
54.445213317871094,0.5652240856515488,62.13233947753906,0.6734075420705001
59.17626190185547,0.6318056894486591,72.8082275390625,0.8236528283905192
57.6585693359375,0.6104467024680884,72.34363555908203,0.8171144725505284
59.64302062988281,0.6383745386470301,65.21275329589844,0.716759219556851
50.708866119384766,0.5126412418269881,58.464561462402344,0.6217896949305919
53.78370666503906,0.5559144848122943,69.10164642333984,0.7714888924452543
55.024993896484375,0.5733835285507758,63.8253059387207,0.697233216264964
48.76734161376953,0.48531752846820747,60.41630935668945,0.6492572854028562
55.93015670776367,0.586122182699561,64.9053955078125,0.7124336722480429
51.151004791259766,0.5188636048722159,70.75106811523438,0.7947017467701601
51.058311462402344,0.517559101148134,59.745731353759766,0.6398200204681299
59.0966796875,0.630685702754071,71.1878890991211,0.8008492722421804
55.49720764160156,0.580029147999998,63.75041198730469,0.696179209037716
52.314815521240234,0.5352422963066477,64.53986358642578,0.7072894212151206
51.74781799316406,0.5272627534847655,54.717018127441406,0.5690492841925705
57.61444854736328,0.6098257760895242,63.46528625488281,0.6921665407652448
57.67919921875,0.6107370335985808,67.27593994140625,0.7457951242515773
56.879432678222656,0.59948165585593,58.23857116699219,0.6186092591257415
54.22309112548828,0.5620980869336657,65.61796569824219,0.7224619070578542
53.076087951660156,0.5459559337686404,61.3433837890625,0.6623043090068093
63.82834243774414,0.6972759499150883,74.68275451660156,0.8500336634865708
62.47236633300781,0.6781928519165746,65.99371337890625,0.72774992783328
62.578269958496094,0.6796832684928932,63.91542053222656,0.6985014285977345
49.536224365234375,0.49613826848296133,58.80067443847656,0.6265199234638179
57.77264404296875,0.6120521133642136,67.95842742919922,0.755399995286414
48.818382263183594,0.4860358403258237,61.31757736206055,0.6619411266662433
49.986106872558594,0.502469613073104,59.92131423950195,0.6422910562067218
48.266578674316406,0.47827012681103304,57.23332977294922,0.6044621661440295
54.02037811279297,0.5592452399894411,60.991188049316406,0.6573477424472971
57.082645416259766,0.6023415355993585,60.4427375793457,0.6496292184783095
47.386024475097656,0.4658777977589207,56.07843780517578,0.5882089913854652
66.13794708251953,0.7297797762141819,68.83827209472656,0.7677823388373666
55.5445442199707,0.5806953312467215,61.400291442871094,0.6631051891482083
51.82247543334961,0.528313432211627,61.16074752807617,0.6597340087970118
59.34796905517578,0.6342221807293035,69.19441223144531,0.7727944161936483
50.37683868408203,0.5079685104536654,60.03900146484375,0.6439473072619772
53.957969665527344,0.5583669453713095,66.9071273803711,0.740604703697164
58.591583251953125,0.6235773143801363,63.26704406738281,0.6893766132154242
51.820457458496094,0.5282850325873609,62.866920471191406,0.6837455421582223
57.21583557128906,0.604215964486404,62.398529052734375,0.677153715570086
54.41978454589844,0.5648662181745033,61.128807067871094,0.6592845001883555
41.185298919677734,0.3786129462452019,45.934688568115234,0.4454526698787411
62.38323211669922,0.6769384367547615,70.4351806640625,0.7902561587054754
60.57794952392578,0.6515321006751111,66.4216079711914,0.7337718292584525
61.61053466796875,0.6660640112499018,78.48905181884766,0.9036009381432025
57.42322540283203,0.6071346298414985,63.53567123413086,0.6931570917431877
55.0062370300293,0.5731195569959253,63.208580017089844,0.6885538293940621
57.50428009033203,0.6082753391352674,66.88517761230469,0.740295797387095
53.533451080322266,0.5523925556048805,64.69282531738281,0.7094421019973848
54.67675018310547,0.5684825801590132,67.10546875,0.7433960270697273
55.54347610473633,0.5806802993094918,66.93043518066406,0.7409327220417107
56.38699722290039,0.5925514496236567,71.26876068115234,0.8019874046324243
55.511871337890625,0.580235515023965,55.119285583496094,0.574710526495212
61.518470764160156,0.6647683656316874,68.1478500366211,0.7580658019831098
53.08386993408203,0.5460654521684563,62.40118408203125,0.6771910806711996
52.920555114746094,0.5437670689660449,63.01070785522461,0.6857691093367818
59.626365661621094,0.6381401477972279,67.49189758300781,0.7488343672174493
52.35871505737305,0.5358601089267857,62.13414764404297,0.6734329889928102
55.057167053222656,0.5738363119743285,62.13311004638672,0.6734183865395015
60.875030517578125,0.6557130192735742,67.09819030761719,0.7432935951546054
55.80763244628906,0.5843978584428513,61.378753662109375,0.6628020808710707
64.74114227294922,0.7101220824150654,67.94129943847656,0.7551589474358388
55.3587646484375,0.5780807941930768,63.263526916503906,0.6893271151935466
55.874755859375,0.5853425083267537,66.66166687011719,0.7371502571508133
56.43486404418945,0.5932250951535049,69.04676055908203,0.7707164656136115
57.40932083129883,0.6069389462300626,62.58293914794922,0.6797489795327827
55.6539306640625,0.5822347626755066,67.19831848144531,0.7447027318989036
53.618141174316406,0.5535844271707204,59.91134262084961,0.6421507223355851
61.66686248779297,0.6668567311968048,68.16234588623047,0.758269806845512
48.93910217285156,0.48773477134571325,59.20317077636719,0.6321843868958658
50.98118591308594,0.516473687909174,57.792327880859375,0.6123291304931597
55.58358383178711,0.5812447485524647,62.53559875488281,0.6790827426005691
56.29843521118164,0.5913050872853594,65.30186462402344,0.7180133126057235
52.42138671875,0.5367421078437347,60.33450698852539,0.6481060537530264
61.03690719604492,0.6579911630462156,69.63604736328125,0.7790096927541822
63.87575149536133,0.6979431531861238,66.50086212158203,0.7348871990008915
48.86663818359375,0.4867149617756626,61.38991928100586,0.6629592183006106
55.12388229370117,0.5747752175107895,65.11119079589844,0.715329897068273
61.64195251464844,0.6665061649464136,66.86247253417969,0.739976261349985
59.742515563964844,0.6397747635999708,73.16927337646484,0.828733945287077
60.413047790527344,0.6492113843088156,76.87681579589844,0.8809114099758485
50.90623092651367,0.5154188217140843,63.59143829345703,0.6939419199230451
61.78608703613281,0.6685346175045728,67.68775939941406,0.7515907950214439
62.9683837890625,0.6851734688240575,72.09874725341797,0.8136680788276935
54.86127471923828,0.5710794546864131,59.644004821777344,0.6383883895034774
58.6842041015625,0.6248807980799063,60.561744689941406,0.6513040447131415
47.88230895996094,0.4728621726507109,52.62670135498047,0.5396315682922114
56.06610107421875,0.5880353725104629,58.38070297241211,0.6206095268015951
61.77316665649414,0.6683527847495843,66.22718048095703,0.7310355871987378
57.221927642822266,0.6043017002141031,61.54110336303711,0.6650868816444854
60.11793518066406,0.6450581674232473,60.82373809814453,0.6549911641736109
55.34209060668945,0.5778461349158242,63.61170196533203,0.6942270972464873
62.98217010498047,0.6853674881853,70.70337677001953,0.7940305707728569
53.10175704956055,0.5463171834315625,60.02561569213867,0.6437589248771958
53.923316955566406,0.557879266379188,56.386314392089844,0.5925418399209277
46.082733154296875,0.44753615006425884,62.7362174987793,0.6819061162107256
49.87702178955078,0.5009344227980372,55.26081085205078,0.5767022581781389
53.54562759399414,0.5525639196892984,61.41242218017578,0.6632759090067449
51.85509490966797,0.528772496837522,63.838619232177734,0.6974205786254335
59.861698150634766,0.6414520593673476,69.6408920288086,0.7790778733266166
54.975303649902344,0.572684221356657,61.35710144042969,0.6624973620292299
51.90704345703125,0.5295035858417834,60.505584716796875,0.6505136869278033
56.553955078125,0.5949011024691192,65.91604614257812,0.7266568912547249
58.794960021972656,0.6264395025996393,74.20082092285156,0.8432512534085589
56.065677642822266,0.5880294134210612,69.15862274169922,0.7722907389254753
59.61328125,0.6379560065661649,71.66891479492188,0.8076189051735472
66.08853149414062,0.7290843343753508,70.61702728271484,0.792815346018821
58.50432205200195,0.6223492587939651,63.96293640136719,0.6991701350624928
57.07374572753906,0.6022162873509416,69.92484283447266,0.7830740064681352
59.46636962890625,0.6358884709712086,69.05795288085938,0.770873978841582
59.16917419433594,0.6317059418080425,65.23585510253906,0.717084338884932
61.21791458129883,0.6605385395517379,63.39143371582031,0.6911271896767957
61.85599899291992,0.6695185114817426,67.22689056396484,0.7451048362197964
55.542823791503906,0.5806711190906838,63.39441680908203,0.6911691717300584
43.126922607421875,0.4059380554267253,45.971229553222656,0.445966923188465
68.88017272949219,0.7683720202606892,72.91001892089844,0.8250853720085035
63.347900390625,0.6905145308637077,71.39110565185547,0.8037092056710989
53.02576446533203,0.545247714783164,63.677799224853516,0.6951573057335513
45.1257438659668,0.4340681248468957,50.87297439575195,0.5149507916113415
53.175865173339844,0.5473601314478488,58.07362365722656,0.6162878985335647
44.62699508666992,0.42704906912849716,50.472381591796875,0.5093131172388564
69.17683410644531,0.7725470334552406,74.65106201171875,0.8495876444347715
56.58847427368164,0.595386902469087,65.5064468383789,0.7208924654401
52.30238723754883,0.5350673889798828,59.50373077392578,0.6364142666613053
52.56342697143555,0.5387410870678258,59.895809173583984,0.6419321150198741
60.503238677978516,0.6504806703513881,71.914794921875,0.8110792571238096
67.503173828125,0.7489930615262023,73.10710144042969,0.8278589791693319
59.50404739379883,0.6364187225569841,64.7867431640625,0.7107638387637907
70.59197998046875,0.792462847090786,76.03378295898438,0.8690471314044173
50.973854064941406,0.5163705043971906,59.991119384765625,0.6432734469901686
48.62366485595703,0.48329551816886096,63.09951400756836,0.6870189075464459
55.19131088256836,0.5757241622339004,63.494964599609375,0.6925842138782683
55.25971984863281,0.5766869041279686,67.68917083740234,0.751610658652783
59.789981842041016,0.6404427721533578,74.59872436523438,0.8488510795105193
57.739288330078125,0.6115826874387281,64.95726776123047,0.7131636875425021
57.462432861328125,0.6076864093088062,63.017478942871094,0.6858644010817196
62.633888244628906,0.6804660029386363,70.75859832763672,0.794807721927629
54.06296920776367,0.5598446384864729,67.33509063720703,0.7466275714611585
48.15465545654297,0.4766949945313276,55.33811569213867,0.5777901946351338
58.84990692138672,0.6272127883991239,68.17813873291016,0.7584920647745502
55.048492431640625,0.5737142311698278,63.0535888671875,0.6863725879310616
53.66065216064453,0.55418269827246,71.23442077636719,0.8015041278504915
54.8194580078125,0.5704909543438729,66.16665649414062,0.7301838132127185
63.38154602050781,0.6909880368864413,69.33159637451172,0.7747250537888347
53.65963363647461,0.5541683642466018,56.8326416015625,0.5988231496342917
54.60028839111328,0.5674065081953317,66.28067779541016,0.7317884725119822
61.02989959716797,0.6578925428008912,65.51371002197266,0.7209946826132615
62.00901794433594,0.6716719975463583,64.94049835205078,0.7129276861279968
53.51493453979492,0.5521319662359068,59.05262756347656,0.6300657427143287
50.13790512084961,0.5046059197808859,61.26210021972656,0.661160378583634
50.123756408691406,0.5044068002980833,58.26679229736328,0.6190064243815445
49.798946380615234,0.49983564187204094,54.167640686035156,0.5613177146494872
71.96005249023438,0.8117161817784253,83.8308334350586,0.9787775889062585
52.878055572509766,0.5431689589207757,58.84972381591797,0.6272102114955989
54.55699157714844,0.5667971778826303,57.05475616455078,0.6019490409811946
55.06718444824219,0.5739772900713465,66.80365753173828,0.7391485384635331
54.96942901611328,0.572601545701894,67.09661102294922,0.7432713693617016
55.00325393676758,0.5730775749426625,65.32452392578125,0.7183322044169522
64.50032806396484,0.7067330247956636,72.48629760742188,0.8191222025095067
50.470375061035156,0.5092848786710608,64.72166442871094,0.7098479643025849
50.074562072753906,0.5037144722176783,56.88595199584961,0.5995734043585209
59.35036087036133,0.6342558415315998,64.41146850585938,0.7054824749891381
50.6164665222168,0.5113408718856444,68.28038787841797,0.7599310506513473
61.1466064453125,0.6595349966851894,72.13692474365234,0.8142053632126729
55.94601821899414,0.586345406967421,64.43413543701172,0.705801474171347
54.17271423339844,0.5613891163513279,63.126792907714844,0.6874028124861927
52.400569915771484,0.536449146124227,56.701622009277344,0.5969792677911164
56.43090057373047,0.5931693159292848,58.602596282958984,0.6237323043900719
50.015377044677734,0.5028815418386862,55.09016418457031,0.574300691463744
56.667091369628906,0.5964933067346783,60.81294250488281,0.6548392342366114
43.940547943115234,0.4173884725549306,49.14453125,0.49062584235889317
48.52411651611328,0.4818945416190588,57.121337890625,0.6028860675255021
49.89484786987305,0.5011852950933019,64.49649047851562,0.7066790171926172
55.764705657958984,0.5837937356226902,60.81737518310547,0.6549016167761144
51.35322570800781,0.5217095263882169,63.181339263916016,0.6881704613092162
62.65742492675781,0.6807972424125894,73.42276000976562,0.8323013461046104
51.55393981933594,0.5245342421356259,58.358829498291016,0.6203016942013282
57.18580627441406,0.6037933523082909,68.01594543457031,0.7562094651062299
64.52423095703125,0.7070694180766669,65.54443359375,0.721427065550574
51.5761604309082,0.5248469601154925,61.23823547363281,0.6608245221575318
66.75019836425781,0.7383961900051897,74.57806396484375,0.8485603188961061
54.692779541015625,0.5687081665884379,66.11773681640625,0.7294953504876012
59.99369812011719,0.6433097383814802,62.03853225708008,0.6720873621833073
49.278480529785156,0.49251095465846984,49.42301559448242,0.4945450441930902
55.85122299194336,0.5850113225382908,63.59223175048828,0.6939530865049871
58.9967041015625,0.629278713429377,66.2641830444336,0.7315563364527645
51.36235046386719,0.52183794208055,60.308692932128906,0.6477427640414802
58.85627365112305,0.6273023894821106,67.11345672607422,0.743508444486009
58.52165603637695,0.6225932056610061,62.51380920410156,0.6787760910810846
48.84266662597656,0.4863776021558375,58.94307327270508,0.6285239491239789
51.03892517089844,0.5172862714874161,55.51271438598633,0.5802473795172783
56.28053665161133,0.5910531949657828,59.90217971801758,0.6420217697883509
59.73825454711914,0.6397147969075225,62.34564208984375,0.6764094199352585
56.51592254638672,0.5943658581327639,67.44863891601562,0.748225573759649
62.344085693359375,0.6763875162552954,67.47938537597656,0.7486582788099022
46.328330993652344,0.45099252928825334,58.870452880859375,0.627501938448834
55.397193908691406,0.578621621820403,66.02819061279297,0.7282351372928566
62.082923889160156,0.6727121002316689,78.49765014648438,0.9037219452379011
53.03014373779297,0.5453093457258056,67.26715850830078,0.7456715402533537
59.521697998046875,0.6366671253197038,67.71739959716797,0.7520079312795662
50.78787612915039,0.5137531756980603,60.96611404418945,0.6569948677208314
52.62092590332031,0.5395502884601912,67.01212310791016,0.7420823431268373
52.868385314941406,0.5430328662033573,56.33012390136719,0.5917510526516686
55.03668212890625,0.57354802089246,57.34075164794922,0.6059739495454101
52.211917877197266,0.5337941838965325,63.65741729736328,0.6948704641599157
56.5508918762207,0.5948579930205642,70.0970230102539,0.7854971547495526
56.09528350830078,0.5884460665097726,68.19721984863281,0.7587605995960597
56.40724563598633,0.5928364122051385,63.71802520751953,0.6957234192267174
52.37382507324219,0.536072757153095,61.790428161621094,0.6685957115923132
60.8286018371582,0.6550596131734959,63.471031188964844,0.6922473911133442
53.384498596191406,0.5502962982727176,58.52599334716797,0.6226542460632565
62.902565002441406,0.6842471793777712,71.36859893798828,0.8033924612794745
51.86850357055664,0.528961201335244,62.1109619140625,0.673106688583947
54.94828414916992,0.5723039670302373,62.7401123046875,0.6819609290961237
46.508697509765625,0.45353088663143787,49.97797775268555,0.5023552092936885
60.9149169921875,0.6562743547581208,63.803245544433594,0.696922753075682
51.79422378540039,0.5279158374719031,54.52671813964844,0.5663711298331503
54.01958465576172,0.5592340734074991,55.73651123046875,0.5833969461653179
64.58641815185547,0.7079445989363723,72.64595794677734,0.8213691550123968
65.14134979248047,0.7157543345530498,72.76022338867188,0.8229772501830273
49.58873748779297,0.4968773029397584,50.98014831542969,0.5164590854558653
58.33464050292969,0.6199612745085671,66.957763671875,0.741317324892829
57.310997009277344,0.6055552027225845,62.22142028808594,0.6746612056354518
54.707740783691406,0.5689187210806331,63.43407440185547,0.6917272860851987
58.474090576171875,0.6219238012848763,66.95790100097656,0.7413192575704728
55.355308532714844,0.5780321551390408,60.34405517578125,0.6482404285347614
53.29956817626953,0.5491010445210012,64.41688537597656,0.7055587083850884
56.969085693359375,0.6007433722443976,67.02892303466797,0.7423187740252635
64.5643310546875,0.7076337599486595,80.53450012207031,0.9323872053089366
54.1524543762207,0.5611039927133759,68.13370513916016,0.7578667361857974
53.84739685058594,0.5568108177551016,60.65608596801758,0.6526317405689491
53.70521545410156,0.5548098521678765,58.35089111328125,0.6201899746964179
58.067047119140625,0.6161953447486223,71.44389343261719,0.8044521054831837
56.4852409362793,0.5939340657358426,63.51537322998047,0.6928714312503346
46.4210205078125,0.45229697932684515,51.85023498535156,0.5287041015231272
59.28610610961914,0.633351563136257,66.51969909667969,0.7351522979510342
66.42916870117188,0.7338782338998423,70.8752670288086,0.7964496389570263
58.209259033203125,0.6181967398197682,65.16944885253906,0.7161497818731695
55.34821701049805,0.5779323538129341,63.88533401489258,0.6980780111372696
60.55200958251953,0.6511670393423914,73.75570678710938,0.8369870156810485
57.2676887512207,0.6049457113534128,62.365596771240234,0.6766902487340022
52.46601867675781,0.537370228077973,62.63944625854492,0.6805442226977205
43.36838912963867,0.40933629326493515,49.88003158569336,0.5009767806497308
55.20279312133789,0.575885755559119,63.509605407714844,0.6927902587892945
61.88240432739258,0.6698901224442553,73.3863525390625,0.8317889717870401
57.083248138427734,0.6023500179067952,63.981468200683594,0.699430939173427
60.06844711303711,0.6443617055601042,65.06010437011719,0.7146109409847755
64.70674133300781,0.7096379466652909,69.3653793334961,0.7752004924892121
56.09700012207031,0.5884702249803202,67.52838897705078,0.7493479226158019
57.396690368652344,0.6067611935723222,63.95684814453125,0.6990844530202839
44.54904556274414,0.4259520598236743,53.02817153930664,0.5452815903274209
57.203025817871094,0.6040356886106286,65.40191650390625,0.7194213756402196
42.33275604248047,0.39476148798354993,43.87596130371094,0.41647952352194856
55.25386047363281,0.576604443215166,67.91088104248047,0.7547308593377348
55.072723388671875,0.5740552414029801,62.63038635253906,0.6804167196587192
65.56021881103516,0.721649216108632,72.57095336914062,0.8203135909059357
57.22283172607422,0.6043144236752582,66.5859375,0.7360844928012321
50.49080276489258,0.5095723644705776,65.58668518066406,0.7220216860389863
49.80582046508789,0.4999323831252117,58.66027069091797,0.6245439753149822
57.06929016113281,0.602153582698498,60.71622848510742,0.6534781460059579
58.65997314453125,0.6245397878467539,74.71817016601562,0.8505320795767135
58.28469467163086,0.6192583703866112,60.59175491333008,0.6517263884638042
49.76590347290039,0.4993706181567441,62.55633544921875,0.6793745769247845
61.05778884887695,0.6582850374190551,70.13491821289062,0.7860304664082641
61.51154327392578,0.6646708727816552,64.51568603515625,0.7069491625788298
54.97935485839844,0.5727412353471495,62.133155822753906,0.6734190307653828
59.52845001220703,0.6367621486371912,68.01301574707031,0.7561682346498286
54.91123962402344,0.5717826272358195,67.58470153808594,0.7501404278207444
50.917076110839844,0.5155714495624552,65.67242431640625,0.7232283211146052
56.689640045166016,0.596810641666694,64.3153076171875,0.70412917115455
54.88545227050781,0.5714197133227039,64.87649536132812,0.712026950975001
51.13301086425781,0.5186103704153866,62.30615997314453,0.675853775112663
56.80459213256836,0.5984284002255434,67.99005889892578,0.7558451553703717
53.47187042236328,0.551525910738102,66.84239196777344,0.7396936609300678
64.33293914794922,0.7043773054898191,72.15485382080078,0.8144576850161703
55.37892150878906,0.5783644683227961,58.55570983886719,0.623072456031181
59.89107894897461,0.6418655450121429,70.55552673339844,0.7919498285473345
57.61809539794922,0.6098770994180653,58.28858184814453,0.6193130759010291
55.93218994140625,0.5861507970657873,59.03079605102539,0.6297585006544529
46.385868072509766,0.4518022675355198,59.01244354248047,0.6295002197615538
63.67710494995117,0.695147534974352,62.20633316040039,0.6744488795220832
53.08986282348633,0.5461497920734125,59.46630859375,0.635887612003367
59.47245788574219,0.6359741530134175,65.06610870361328,0.714695441946202
64.00962829589844,0.6998272454613884,68.712646484375,0.7660143682772009
55.00288772583008,0.5730724211356124,60.73040771484375,0.6536776949726814
55.06928253173828,0.5740068170909046,60.24249267578125,0.6468111060461834
54.86604309082031,0.5711465615490454,62.7055549621582,0.6814745922412548
55.11566162109375,0.5746595252796115,58.750099182128906,0.6258081612359946
53.22968292236328,0.5481175263422621,63.48870086669922,0.6924960623035145
53.295135498046875,0.5490386619814982,63.57647705078125,0.6937313654308499
56.11003494262695,0.5886536683000119,58.088844299316406,0.6165021036390871
56.90239334106445,0.5998047888208772,59.32574462890625,0.6339094090639468
58.64993667602539,0.6243985413222854,65.05790710449219,0.7145800181424745
56.52920913696289,0.5945528446948025,67.5252685546875,0.7493040078848953
49.61177444458008,0.4972015096145076,57.70923614501953,0.6111597531476742
62.257991790771484,0.6751758884290965,65.2845230102539,0.7177692583677023
58.934791564941406,0.6284073979249591,61.964908599853516,0.6710512322242644
50.321388244628906,0.5071881381694869,61.17796325683594,0.6599762914138595
46.992042541503906,0.460333160340789,51.3036994934082,0.5210125276701727
50.82923889160156,0.514335287467278,58.08667755126953,0.616471610280707
53.181640625,0.5474414112798691,61.52824020385742,0.6649058541718484
55.393531799316406,0.5785700837499014,63.70050811767578,0.6954768954561514
65.4703598022461,0.7203846007036987,68.99942779541016,0.7700503360523782
51.345130920410156,0.5215956057782123,59.81048583984375,0.6407313316626767
54.03705978393555,0.5594800066376739,64.77816009521484,0.7106430464110525
53.70867156982422,0.5548584912219123,54.36761474609375,0.5641320154118158
69.24674224853516,0.7735308737469203,71.75663757324219,0.8088534567040212
48.4802131652832,0.48127667531343066,62.36974334716797,0.6767486048617473
53.52082824707031,0.5522149103181203,67.15533447265625,0.7440978037963909
60.306602478027344,0.6477133443929022,63.91519546508789,0.6984982611538182
49.609737396240234,0.49717284156279107,51.61424255371094,0.5253829023632192
55.527645111083984,0.5804575045255526,63.814964294433594,0.6970876749012872
53.82857131958008,0.5565458798614291,59.53761291503906,0.6368911011844254
49.692909240722656,0.4983433463035688,51.973854064941406,0.5304438335154972
63.97824478149414,0.6993855749342877,71.26458740234375,0.8019286727062486
62.84916687011719,0.6834956898872696,66.03246307373047,0.7282952650417751
62.344932556152344,0.6763994344340988,63.159332275390625,0.6878607497167957
68.03813171386719,0.7565216999166855,69.35718536376953,0.7750851760564647
46.72954177856445,0.4566389007101356,53.73488998413086,0.5552274715954099
56.042049407958984,0.5876968854953456,67.80290985107422,0.7532113452257789
57.02245330810547,0.6014944322509784,66.24250793457031,0.7312512954979831
51.38175582885742,0.5221110401687185,60.594383239746094,0.6517633777664871
55.45876693725586,0.5794881593162015,65.20757293701172,0.7166863146612872
72.6526107788086,0.8214627825071413,75.86406707763672,0.8666586639496082
59.20071029663086,0.6321497597547475,70.89949798583984,0.7967906491901785
53.404544830322266,0.5505784155232238,63.34630584716797,0.6904920903288435
61.71293640136719,0.6675051445463032,61.04872131347656,0.6581574270090734
61.606170654296875,0.6660025950492208,68.80215454101562,0.7672740446170445
55.36653518676758,0.5781901515364224,66.23875427246094,0.7311984689757189
55.95564651489258,0.5864809091444482,70.58068084716797,0.7923038306690925
61.56999588012695,0.665493495546547,65.67398071289062,0.7232502247945685
57.84147644042969,0.6130208143476834,72.31507873535156,0.816712582971596
51.35336685180664,0.5217115127513507,59.055511474609375,0.6301063289448487
58.843894958496094,0.6271281800667171,69.36373901367188,0.7751774077284665
49.201053619384766,0.4914213002657915,62.031982421875,0.6719951841967955
62.11493682861328,0.6731626288646373,67.4271469116211,0.7479231097083928
56.90645217895508,0.5998619101823498,68.31694793701172,0.7604455723885217
50.94353485107422,0.5159438121218294,62.440040588378906,0.6777379210734178
55.76747131347656,0.583832657603017,64.4939956665039,0.7066439068820879
68.24174499511719,0.759387216636575,75.11739349365234,0.8561504808582506
56.45956802368164,0.5935727623874303,66.97041320800781,0.74149534597802
51.837684631347656,0.5285274762606789,57.56354522705078,0.6091093969095518
53.672027587890625,0.5543427884039556,58.00354766845703,0.6153016960803204
58.620452880859375,0.6239836061692574,64.82489013671875,0.7113006936648492
59.226661682128906,0.6325149821439375,65.97834014892578,0.7275335753081533
65.50738525390625,0.720905672070666,71.58678436279297,0.8064630565715684
65.32599639892578,0.7183529270161331,71.50411987304688,0.8052996920009747
55.89167404174805,0.5855806034753731,64.12545013427734,0.7014572443119821
49.95079040527344,0.501972592805704,62.67655944824219,0.6810665288309603
49.49839782714844,0.4956059231630718,56.528343200683594,0.5945406580885485
52.28466796875,0.5348180198783412,69.6220703125,0.7788129891184343
55.50000762939453,0.5800685531497357,56.00299072265625,0.5871471997621518
55.07749938964844,0.5741224556365926,61.92048645019531,0.670426064691982
58.0474739074707,0.6159198844988891,65.60017395019531,0.7222115179320006
60.349830627441406,0.6483217083667816,65.01437377929688,0.7139673593293866
52.562156677246094,0.5387232097996205,59.732017517089844,0.6396270211311994
53.85758972167969,0.5569542653846643,59.28952407836914,0.6333996653353918
57.895835876464844,0.6137858325816917,61.83278274536133,0.6691917815889584
59.296268463134766,0.633494581281899,71.25033569335938,0.8017281037152131
56.41265869140625,0.5929125919155986,65.28379821777344,0.7177590581245822
49.64524841308594,0.49767259979018635,55.989803314208984,0.5869616090228559
56.20159149169922,0.5899421737480423,64.08927917480469,0.7009481984947984
55.372039794921875,0.578267619698645,57.57181930541992,0.6092258407375913
