origin_preds,orig_preds_scaled,preds_eps=2.0,preds_scaled=2.0
64.69025421142578,0.862125930944362,70.5008773803711,0.9320878537652878
70.19048309326172,0.9283505986504041,70.42964935302734,0.9312302435560519
72.84291076660156,0.9602867498642803,73.85277557373047,0.9724458731874928
68.88837432861328,0.9126727564899186,68.97649383544922,0.9137337459839926
73.15351867675781,0.9640265770749072,75.0137710571289,0.9864246623884638
70.44696807861328,0.9314387670323764,71.83496856689453,0.9481507754027567
64.362060546875,0.8581743651377316,66.99256134033203,0.8898465090956797
62.90514373779297,0.8406325803084793,65.44715881347656,0.8712393254653652
70.93680572509766,0.9373365825715562,72.94567108154297,0.9615240197773265
72.21219635009766,0.952692729043016,75.51892852783203,0.9925069339366567
72.8321304321289,0.9601569508898105,73.069091796875,0.9630100480929659
69.07999420166016,0.9149799263715777,69.9258041381836,0.9251637720245673
67.87482452392578,0.9004692645151358,70.91791534423828,0.9371091358194067
63.91371154785156,0.8527760873361081,64.83551025390625,0.8638748641891824
72.41590118408203,0.955145406055291,72.41263580322266,0.9551060897346447
64.08087921142578,0.8547888441157319,69.6631851196289,0.9220017477505401
67.75878143310547,0.8990720653631994,69.92162322998047,0.9251134324364503
58.81776428222656,0.7914191108240902,72.18164825439453,0.952324919351737
71.4757308959961,0.9438254289683007,71.918212890625,0.9491530659975482
67.6357192993164,0.897590354493986,68.73697662353516,0.910849875492481
70.32958221435547,0.9300254004214826,71.7382583618164,0.9469863509155808
56.38188171386719,0.7620902379487683,68.22340393066406,0.9046662817441181
68.48609161376953,0.9078291327632058,69.34701538085938,0.9181949541900275
73.3196792602539,0.9660272082603131,73.94373321533203,0.9735410348107265
65.52896881103516,0.8722243462744522,66.75859832763672,0.8870295130934917
69.55976104736328,0.9207564859685776,69.85755157470703,0.9243419874346118
68.02838134765625,0.9023181420516923,69.63133239746094,0.921618229903115
73.50067901611328,0.9682065082393096,73.7107925415039,0.9707363481238809
59.31285858154297,0.7973802182906654,62.15119171142578,0.8315547358250699
66.47630310058594,0.8836305804294023,68.89653015136719,0.9127709554309719
72.37872314453125,0.9546977695354102,72.7181625366211,0.9587847378108081
58.40462875366211,0.7864448154475661,64.57298278808594,0.8607139422419021
73.20205688476562,0.9646109939719894,73.78355407714844,0.9716124223061305
69.95755004882812,0.9255460038241208,70.53068542480469,0.9324467529820278
70.05319213867188,0.9266975678325806,70.76126861572266,0.9352230547551359
72.08483123779297,0.9511592088166895,74.16129302978516,0.9761605306040612
68.5361099243164,0.9084313706093659,71.28316497802734,0.9415068683769217
66.77124786376953,0.8871818179057146,71.49625396728516,0.9440725338807733
66.50601959228516,0.8839883773193953,66.84730529785156,0.8880975758508595
65.9708480834961,0.8775447263192815,67.3364486694336,0.8939870320788739
61.73125457763672,0.8264985467572932,64.66320037841797,0.861800193390597
70.74606323242188,0.9350399766545567,70.96354675292969,0.9376585538422687
66.49064636230469,0.8838032782864463,69.57009887695312,0.9208809570304365
65.50636291503906,0.8719521634284833,65.78601837158203,0.8753193123380315
72.03060150146484,0.9505062639401632,73.7248764038086,0.9709059227218082
74.99190521240234,0.9861613900170338,75.22394561767578,0.9889552371575331
69.9703598022461,0.9257002377081511,70.30081939697266,0.929679086101772
67.3672866821289,0.8943583324715186,68.19342041015625,0.9043052697344462
68.44657135009766,0.9073532950507119,69.44172668457031,0.919335311209892
65.24872589111328,0.8688501241016101,65.6584701538086,0.8737835874582108
71.05211639404297,0.9387249631095158,71.23424530029297,0.9409178584517266
68.7022933959961,0.9104322773764585,69.2668228149414,0.9172294078201391
71.53754425048828,0.9445696832437108,73.64019012451172,0.9698862704807502
64.90047454833984,0.8646570568768048,66.68531036376953,0.8861471005324462
71.3568344116211,0.94239387396608,73.09468841552734,0.9633182402793397
70.97994995117188,0.9378560540511223,71.99201202392578,0.9500416332162649
72.57304382324219,0.9570374580561084,73.58654022216797,0.9692403070069555
66.5367202758789,0.8843580242219193,66.51602172851562,0.8841088065165148
63.92839813232422,0.8529529189184537,64.25092315673828,0.8568362323273268
68.53594207763672,0.9084293496769962,69.23397064208984,0.9168338562390583
73.10308837890625,0.9634193787583852,75.9538803100586,0.9977439045909561
63.51070785522461,0.8479237827862619,63.77484130859375,0.8511040413818972
58.46855926513672,0.7872145610290028,70.82147979736328,0.935948018312472
62.87407302856445,0.8402584781686857,63.74064636230469,0.8506923223418592
59.15402603149414,0.795467819175308,68.20904541015625,0.9044934001659496
69.23673248291016,0.9168671097625956,69.41703796386719,0.9190380504304267
68.61541748046875,0.9093862611540324,73.34347534179688,0.9663137213539942
71.23417663574219,0.9409170317066663,71.4074478149414,0.9430032769360961
66.32833862304688,0.8818490366849806,66.36237335205078,0.8822588266532112
68.59346771240234,0.9091219783164176,71.50150299072266,0.9441357339476064
60.378597259521484,0.8102120824415706,66.17118835449219,0.8799568928236008
71.58554077148438,0.9451475780408727,71.40562438964844,0.9429813222617166
56.28398895263672,0.7609115750744425,58.807861328125,0.79129987581428
72.04666137695312,0.9506996304237153,71.9543228149414,0.9495878420387129
67.48457336425781,0.895770504895103,67.40435791015625,0.8948046829435278
70.17147064208984,0.9281216821292585,72.31356048583984,0.953913188473169
69.6949234008789,0.9223838876895313,70.65630340576172,0.9339592371395974
68.6725082397461,0.9100736537414053,72.6052017211914,0.9574246503260238
71.377197265625,0.9426390498067452,72.5929946899414,0.9572776734264118
70.82587432861328,0.9360009299963323,71.18341827392578,0.9403058833859672
66.67215728759766,0.8859887329231143,67.59593963623047,0.8971113935223756
65.17706298828125,0.8679872778403256,67.46930694580078,0.8955866919100257
69.33917236328125,0.9181005215320268,70.7119369506836,0.9346290843595789
69.42996978759766,0.9191937540834532,74.39427947998047,0.9789657684542803
68.38298797607422,0.9065877291248581,69.45999145507812,0.9195552253959364
69.88274383544922,0.9246453110111861,70.6465072631836,0.9338412881776588
70.75923919677734,0.9351986198455754,71.25704193115234,0.941192337811752
69.40323638916016,0.9188718746733029,70.45716857910156,0.9315615846041146
66.6229248046875,0.8853959567148667,72.50833129882812,0.9562582967670404
74.36771392822266,0.9786459099764997,75.6152572631836,0.9936667653957197
71.14002990722656,0.9397834723684089,72.54207611083984,0.9566645960339053
65.35006713867188,0.8700703079500763,65.43408966064453,0.8710819683222181
71.24794006347656,0.9410827481609788,71.71602630615234,0.9467186692371625
63.28892517089844,0.8452534421717178,69.30329895019531,0.9176685931682921
63.33584976196289,0.8458184305598825,69.75025177001953,0.9230500604870225
74.9308090209961,0.9854257706344759,79.83287048339844,1.0444482946778442
69.785888671875,0.9234791411733273,72.12834930419922,0.9516831814638063
71.38390350341797,0.9427197952409695,71.71866607666016,0.9467504529917036
59.271751403808594,0.7968852735812221,60.92523956298828,0.8167938457970385
63.106021881103516,0.843051222982438,63.91694641113281,0.8528150362145053
62.09710693359375,0.8309035362992265,69.11674499511719,0.915422418699972
72.11612701416016,0.9515360208430698,74.05340576171875,0.9748615303931779
69.22832489013672,0.9167658794229877,69.25865936279297,0.9171311170185236
69.41204833984375,0.9189779736227104,69.61910247802734,0.9214709774218163
67.71515655517578,0.8985468066682111,67.73085021972656,0.8987357638447747
71.86518096923828,0.9485145432292964,73.06951904296875,0.9630151922844522
63.874290466308594,0.8523014438109237,64.6058120727539,0.8611092182412962
72.50206756591797,0.956182879245427,74.48511505126953,0.980059460308518
68.9877700805664,0.9138695158950091,70.33506774902344,0.9300914481657458
69.18553161621094,0.9162506335292855,70.20714569091797,0.9285512221183745
70.56523895263672,0.932862789468492,72.1294174194336,0.9516960419425222
64.94573211669922,0.8652019737321163,67.68250274658203,0.898153643461749
74.68775177001953,0.9824992768420768,72.58526611328125,0.9571846186768449
68.80189514160156,0.91163151701673,69.57296752929688,0.9209154966018452
66.3446273803711,0.8820451589854004,68.51982879638672,0.9082353401695084
71.88662719726562,0.9487727632698022,72.0855484008789,0.9511678437095417
67.09334564208984,0.8910599871231012,70.84184265136719,0.9361931941531372
62.79205322265625,0.8392709311941366,65.45123291015625,0.8712883790056106
63.33779525756836,0.8458418550032581,65.22728729248047,0.8685919959216666
64.91464233398438,0.864827641940917,65.18731689453125,0.8681107384359996
64.85650634765625,0.8641276644565149,68.39043426513672,0.9066773850336214
71.4642562866211,0.9436872706826653,72.61740112304688,0.9575715353650734
60.64411163330078,0.8134089677989746,61.035072326660156,0.8181162704512973
67.15670013427734,0.8918227972320873,68.5441665649414,0.9085283753631097
60.537044525146484,0.8121198425985341,66.41565704345703,0.8829003808200175
69.14202880859375,0.9157268446032933,72.3963851928711,0.9549104267370363
73.95709991455078,0.9737019745158016,74.14649963378906,0.9759824129738438
70.59425354003906,0.9332121351867572,70.81649017333984,0.9358879415047556
70.08131408691406,0.9270361658650618,70.9935531616211,0.9380198414336274
58.381378173828125,0.7861648703840864,65.6685791015625,0.873905302703202
68.71566009521484,0.9105932170815335,69.60201263427734,0.9212652097623596
70.19593048095703,0.928416187091856,70.66815948486328,0.9341019884533455
67.24828338623047,0.8929254914214263,69.7456283569336,0.9229943929862945
56.1424446105957,0.7592073319931605,57.1094970703125,0.770850979771265
62.01325607299805,0.8298939427897356,64.21477508544922,0.8564009969833508
67.70771789550781,0.89845724262001,67.88614654541016,0.9006055855895259
69.62631225585938,0.9215577856531496,70.39392852783203,0.9308001524035623
73.38933563232422,0.9668658951937239,73.75055694580078,0.9712151253743669
68.81706237792969,0.9118141358144979,69.73307037353516,0.9228431905008186
73.84034729003906,0.9722962323315754,74.27041625976562,0.9774744122260299
67.71485137939453,0.8985431322457207,70.09735870361328,0.9272293486274892
65.35905456542969,0.8701785196924157,66.08660125732422,0.878938434769852
66.220703125,0.880553067872652,66.37110137939453,0.8823639151364338
56.639739990234375,0.765194941231947,63.96613693237305,0.8534073071896604
64.39668273925781,0.858591228369256,65.0042495727539,0.8659065442446312
73.50570678710938,0.9682670443498373,74.67682647705078,0.9823677325169241
69.1258544921875,0.9155321002113074,69.748291015625,0.9230264523225223
67.59906768798828,0.8971490563529011,68.76148223876953,0.911144931618452
55.80140686035156,0.7551011189299696,58.44561767578125,0.7869383363182945
67.53112030029297,0.8963309461854359,68.06076049804688,0.902707998277913
65.67965698242188,0.8740386842395999,69.04540252685547,0.9145634305823022
74.40007781982422,0.979035582481596,74.65003204345703,0.9820451182222758
60.4564208984375,0.8111491061068781,66.23650360107422,0.8807433110970871
69.59891510009766,0.921227914374083,68.98056030273438,0.9137827076636759
70.63848114013672,0.9337446508661639,72.1788558959961,0.9522912983859508
60.98878860473633,0.8175589983503623,72.11287689208984,0.9514968882435481
64.1225814819336,0.8552909539490313,71.07457733154297,0.9389954006048019
65.02872467041016,0.8662012329283533,68.7183609008789,0.9106257357205727
64.34687042236328,0.857991470758277,64.59648132324219,0.8609968727736552
64.28548431396484,0.8572523606743532,66.55860900878906,0.8846215721750361
71.9453353881836,0.9494796302963736,72.76110076904297,0.9593017290551933
61.149169921875,0.8194900451598581,70.02556610107422,0.9263649407366462
70.05988311767578,0.9267781295456805,70.80998229980469,0.93580958444515
71.94483947753906,0.9494736593598269,72.16822052001953,0.9521632447621639
66.97339630126953,0.889615755363289,69.54927825927734,0.9206302695560358
69.6747817993164,0.9221413758051714,70.21258544921875,0.9286167186992641
75.31063842773438,0.9899990487264649,74.63055419921875,0.9818105982068325
68.88540649414062,0.9126370227312004,70.31816101074219,0.9298878851597832
72.14674377441406,0.951904657279409,73.6041488647461,0.9694523211846457
69.48947143554688,0.9199101746084993,70.02259063720703,0.9263291151173658
66.5409927368164,0.8844094661367835,73.25350189208984,0.9652304097432916
66.69727325439453,0.886291137894066,67.84300231933594,0.9000861141099598
71.86479949951172,0.9485099502011836,72.4124526977539,0.9551038850811505
70.2171401977539,0.9286715594549318,71.44135284423828,0.9434115052747684
70.87728881835938,0.9366199783253855,70.44669342041016,0.9314354600521351
69.82502746582031,0.9239503858577082,70.51273345947266,0.932230605079036
70.43345642089844,0.9312760819766184,73.61981201171875,0.9696409109189604
59.27375030517578,0.7969093410485335,67.52115631103516,0.8962109762911277
68.1252212524414,0.9034841281684265,72.8076171875,0.9598618029032772
67.60234832763672,0.8971885563946718,72.32978057861328,0.9541084840285284
73.56881713867188,0.9690269149208314,74.33194732666016,0.9782152676606366
69.70067596435547,0.9224531505534734,69.92955780029297,0.9252089674211981
75.30475616455078,0.9899282242329644,75.13360595703125,0.9878675162398423
64.26475524902344,0.8570027755266996,64.40895080566406,0.8587389401533662
61.59252166748047,0.824828154293203,61.67983627319336,0.8258794524979588
70.70806121826172,0.9345824191939521,70.84998321533203,0.936291209373066
58.70294189453125,0.7900366093621151,62.25920486450195,0.8328552517352302
58.85626220703125,0.7918826392212415,70.3721694946289,0.930538166080004
65.45403289794922,0.8713220918319592,66.66938781738281,0.8859553875390148
65.33135223388672,0.8698449739908588,70.76350402832031,0.9352499698998773
66.95669555664062,0.8894146725925073,67.24897003173828,0.8929337588720294
69.99613189697266,0.9260105426874569,71.29265594482422,0.94162114291637
69.06702423095703,0.9148237634157399,69.56846618652344,0.9208612988701134
66.23729705810547,0.880752864595562,67.9590835571289,0.9014837725647075
70.26980590820312,0.9293056729161953,71.6682357788086,0.9461432546751816
65.9798812866211,0.8776534892249943,66.35053253173828,0.8821162590605877
71.4275894165039,0.9432457888204558,71.51410675048828,0.9442874875964559
71.90596771240234,0.9490056297951249,74.44723510742188,0.9796033726169096
67.97510528564453,0.9016766797454482,68.64836120605469,0.9097829150618603
69.77723693847656,0.9233749712957273,69.8936538696289,0.9247766716152143
65.75975799560547,0.8750031282827413,66.06744384765625,0.8787077728980235
62.80415344238281,0.839416622045877,65.24762725830078,0.8688368961806451
66.88846588134766,0.8885931635842386,72.97543334960938,0.9618823678306929
70.01074981689453,0.9261865475247423,70.0287094116211,0.9264027872882964
70.18023681640625,0.9282272299152924,73.2017593383789,0.9646074114100613
71.9576644897461,0.9496280769649816,72.69651794433594,0.9585241293956837
71.0881118774414,0.9391583612422467,72.66095733642578,0.9580959673150015
61.38009262084961,0.8222704347279866,68.06563568115234,0.9027666971771955
64.81814575195312,0.8636657895494843,66.05733489990234,0.8785860576530323
69.67860412597656,0.9221873979468624,71.33140563964844,0.9420877027120758
72.11616516113281,0.951536480145881,74.52605438232422,0.9805523840855916
70.12410736083984,0.927551411758764,74.11224365234375,0.9755699590493078
64.1899185180664,0.8561017152715159,64.35865783691406,0.8581333953269648
54.051849365234375,0.7340358385142068,57.23670196533203,0.7723825709257841
66.28588104248047,0.8813378326560176,69.57459259033203,0.9209350629016061
63.80934524536133,0.8515194807747067,66.51201629638672,0.8840605797213296
64.8758544921875,0.8643606228423999,68.02592468261719,0.9022885629506453
65.00660705566406,0.8659349291583688,65.82811737060547,0.8758261989205683
67.49187469482422,0.8958584154531833,67.51554107666016,0.8961433669173061
65.2864990234375,0.869304925745347,71.10621643066406,0.9393763463564837
78.32563781738281,1.0263006894405038,76.09552764892578,0.9994493877898286
73.70073699951172,0.9706152759028256,75.64791107177734,0.9940599286021817
61.543060302734375,0.8242326222680877,63.37022018432617,0.8462322623928524
74.48956298828125,0.9801130150163141,75.13076782226562,0.9878333441106825
66.59676361083984,0.8850809668468858,70.60850524902344,0.9333837307170542
67.23229217529297,0.8927329516829345,68.02118682861328,0.9022315175414835
71.68228912353516,0.9463124618308599,71.8359146118164,0.9481621661124767
71.51528930664062,0.9443017259836057,73.14484405517578,0.9639221316156205
71.1064682006836,0.9393793777550382,74.38219451904297,0.9788202613236644
71.24137115478516,0.9410036562168751,71.3081283569336,0.9418074361366281
64.75923156738281,0.8629564422877319,65.62239837646484,0.8733492707198575
63.35228729248047,0.8460163441412663,68.70374298095703,0.9104497308832874
74.9651107788086,0.9858387757223855,75.13368225097656,0.9878684348454648
66.06966400146484,0.8787345043216405,67.30196380615234,0.89357182233747
67.40865325927734,0.8948564004400787,68.19129180908203,0.9042796406375764
60.90146255493164,0.8165075623547631,63.81644058227539,0.8516049110976062
70.47244262695312,0.9317454894497541,71.1319808959961,0.9396865594752273
64.25079345703125,0.8568346706977684,71.4619140625,0.9436590694900523
68.25756072998047,0.9050775414813449,76.60600280761719,1.005595686149915
63.20404052734375,0.844231401556041,69.0916748046875,0.9151205648923939
69.6596908569336,0.9219596756130262,70.37657165527344,0.9305911696244266
67.3343734741211,0.8939620460059398,74.0156478881836,0.9744069124705657
64.0546875,0.854473486805502,65.71842193603516,0.8745054277564301
70.48641204833984,0.9319136861392476,71.07445526123047,0.9389939308358057
66.11258697509766,0.879251311844901,66.12403869628906,0.8793891945488496
70.0699462890625,0.9268992936272981,70.4395980834961,0.9313500297292356
71.86766815185547,0.9485444897725923,74.25919342041016,0.9773392853389492
64.4521255493164,0.8592587790751812,64.79843139648438,0.863428421856611
65.39851379394531,0.8706536225204115,72.18436431884766,0.9523576217119006
65.89971160888672,0.8766882184367927,65.91590881347656,0.8768832384104652
64.2220230102539,0.8564882645174954,65.79412841796875,0.8754169601157112
69.2083511352539,0.9165253884709976,71.17606353759766,0.940217329803951
59.05994415283203,0.7943350406518297,60.26776123046875,0.8088775781233749
63.99342346191406,0.8537358464905743,68.1727294921875,0.9040561438896039
70.83341979980469,0.9360917800924049,75.02483367919922,0.9865578602037371
68.72037506103516,0.9106499869090087,71.1565933227539,0.93998290164907
73.66671752929688,0.9702056696557194,74.28734588623047,0.9776782508136793
74.0923080444336,0.9753299274001289,73.97769927978516,0.9739499980338969
63.244361877441406,0.8447168846275718,64.48973846435547,0.8597116516471107
62.356300354003906,0.8340243151808001,64.41226959228516,0.8587788994979482
66.55496215820312,0.884577662826277,68.62598419189453,0.909513488032759
70.65351104736328,0.9339256161738111,71.12449645996094,0.9395964442636526
66.47911834716797,0.8836644769768753,66.83617401123047,0.8879635512905257
74.12146759033203,0.9756810184690771,74.22501373291016,0.9769277500200356
66.39118194580078,0.8826056921362955,66.64736938476562,0.8856902779563397
66.10697174072266,0.8791837024710796,67.62537384033203,0.8974657915715649
71.38114929199219,0.9426866335779945,71.90733337402344,0.949022072835769
70.49050903320312,0.9319630152611799,70.36231994628906,0.9304195740941296
60.99044418334961,0.8175789320923722,62.5521240234375,0.8363821002322631
69.71987915039062,0.9226843635886754,70.09028625488281,0.9271441938862766
71.63652801513672,0.9457614821784395,73.64949798583984,0.9699983403667043
68.60529327392578,0.9092643621879167,70.08692169189453,0.9271036833783209
65.1817398071289,0.8680435883649894,66.28329467773438,0.8813066919254123
69.07725524902344,0.9149469484297272,69.90650939941406,0.9249314566626181
69.60578918457031,0.921310680740677,70.44205474853516,0.9313796088302826
72.67803955078125,0.958301643113896,73.91746520996094,0.973224758894874
66.0415267944336,0.8783957225680348,66.07868957519531,0.878843175366791
74.05631256103516,0.9748965292673981,74.16852569580078,0.9762476144170812
73.93018341064453,0.9733778904521573,74.11542510986328,0.9756082649037691
59.67970275878906,0.8017971497056923,64.08485412597656,0.854836703468668
64.9884262084961,0.8657160254385091,65.57452392578125,0.8727728456916917
72.4936752319336,0.9560818326269438,73.30990600585938,0.9659095348800611
71.1383056640625,0.9397627118813388,71.80701446533203,0.9478141983026453
67.16920471191406,0.8919733566936274,68.2320327758789,0.9047701760400314
72.30596160888672,0.9538216953531605,72.81082916259766,0.9599004761999876
61.88919448852539,0.8284001981868666,62.93986511230469,0.8410506377273131
65.21296691894531,0.8684195736463093,66.71192932128906,0.8864676020341626
73.92219543457031,0.9732817124434737,74.20686340332031,0.976709213742425
73.22042846679688,0.9648321942059054,73.39230346679688,0.966901628952442
62.879329681396484,0.8403217700960811,63.49991226196289,0.8477938000906675
67.16907501220703,0.891971795064069,69.69438171386719,0.9223773655896109
65.2428970336914,0.8687799426320454,71.9427719116211,0.949448765147455
57.394920349121094,0.7742875752658799,58.268585205078125,0.7848068038316717
63.01417541503906,0.8419453596037011,65.5930404663086,0.8729957912762906
65.1715316772461,0.8679206789326889,71.33206176757812,0.9420956027204299
71.11283111572266,0.9394559894639609,72.30059051513672,0.9537570255173313
64.68919372558594,0.8621131623262082,69.1427230834961,0.9157352039144587
71.79133605957031,0.9476254248472061,74.04447174072266,0.9747539616747745
68.30543518066406,0.9056539665095107,70.71160125732422,0.9346250424948397
67.16888427734375,0.8919694985500126,70.89256286621094,0.936803883171025
70.49510955810547,0.9320184071802211,71.80123138427734,0.9477445679964541
61.84337615966797,0.8278485295802293,63.771751403808594,0.8510668378541829
67.83727264404297,0.9000171268277044,68.37604522705078,0.9065041360132037
64.02566528320312,0.8541240492266744,66.65560150146484,0.8857893955030155
66.54732513427734,0.8844857104034572,66.57537078857422,0.8848233898303158
65.70367431640625,0.8743278612895865,65.93872833251953,0.8771579933521774
58.190032958984375,0.7838610074826686,70.13938903808594,0.9277354084649657
61.471702575683594,0.8233734504292934,64.59319305419922,0.8609572808713223
67.6573715209961,0.8978510547696729,70.90591430664062,0.9369646391549756
72.7062759399414,0.9586416190548109,72.3714370727539,0.9546100426984543
66.64984130859375,0.8857200407785112,66.74342346191406,0.8868468024351615
60.25798034667969,0.8087598128825608,62.17079544067383,0.8317907715397904
69.87601470947266,0.924564289995275,70.29427337646484,0.9296002697393551
64.57628631591797,0.8607537178653596,68.96208953857422,0.9135603132424505
70.63408660888672,0.9336917391823035,72.4685287475586,0.9557790602137431
70.32274627685547,0.9299430933577,70.76212310791016,0.9352333431381087
58.769432067871094,0.790837174162189,60.44956970214844,0.8110666153219709
70.92597198486328,0.9372061405731505,73.64244842529297,0.9699134612071784
68.00652313232422,0.9020549615408245,68.99983215332031,0.9140147474439382
71.5031509399414,0.9441555758290541,72.06902313232422,0.950968873731692
68.07162475585938,0.9028388077185676,69.07868194580078,0.9149641263548693
66.6695785522461,0.8859576840530713,67.22284698486328,0.8926192283068598
69.5239486694336,0.9203252924893409,71.37786865234375,0.9426471335362239
67.54025268554688,0.8964409032784582,71.4358901977539,0.943345733112192
71.83907318115234,0.9482001963852513,72.74868774414062,0.9591522719204003
73.8748550415039,0.9727117176546659,74.75711822509766,0.9833344730741219
69.86270141601562,0.9244039933141357,75.32717895507812,0.9901982024254392
69.71080780029297,0.9225751413801513,71.32117462158203,0.9419645176980884
68.47079467773438,0.9076449523358795,69.61548614501953,0.9214274355153063
66.57466888427734,0.8848149386585881,69.02685546875,0.9143401175554543
70.29854583740234,0.9296517116542192,71.2933120727539,0.941629042924724
69.9832992553711,0.9258560332217398,70.89604949951172,0.9368458634479767
67.03843688964844,0.8903988666565341,68.31803131103516,0.9058056282977978
69.7955551147461,0.9235955285057075,70.24544525146484,0.9290123621409071
71.42533874511719,0.9432186899545899,73.04737091064453,0.9627485210722188
72.53946685791016,0.9566331797216132,74.1607437133789,0.9761539166435785
58.982784271240234,0.7934060088554385,65.85779571533203,0.8761835365077499
65.49579620361328,0.8718249365497567,65.49234008789062,0.8717833237150541
66.70381927490234,0.8863699542564829,68.42533874511719,0.9070976471059493
70.6753921508789,0.9341890722663656,72.22906494140625,0.9528958327461673
70.79100799560547,0.9355811272268155,71.0619125366211,0.9388429120714544
71.42451477050781,0.9432087690138661,72.8180923461914,0.9599879274552567
69.26128387451172,0.9171627170519401,69.29963684082031,0.9176245000984085
73.0311508178711,0.9625532255168593,72.97026062011719,0.9618200863694824
68.0940933227539,0.903109337074416,70.69691467285156,0.934448210912494
69.7845687866211,0.9234632492960567,71.31803894042969,0.9419267630070006
71.3539810180664,0.9423595181157957,71.09214782714844,0.9392069554796809
69.70838928222656,0.9225460215819157,72.8903579711914,0.9608580307009597
69.58380889892578,0.9210460304608131,69.78887176513672,0.92351505865317
71.37857818603516,0.9426556765685138,72.01403045654297,0.95030674279894
62.543155670166016,0.8362741181413295,63.38824462890625,0.8464492829711858
76.2270278930664,1.0010326964408987,78.66667175292969,1.0304068565734135
59.70485305786133,0.802099968049174,60.0421142578125,0.8061607101340474
70.5822525024414,0.9330676385223262,70.9587173461914,0.9376004061063596
74.89126586914062,0.9849496573402954,74.93629455566406,0.985491818378739
67.2238540649414,0.8926313539010778,67.88450622558594,0.9005858355686405
66.56504821777344,0.8846991024895814,76.02230072021484,0.9985677101132813
69.9355239868164,0.9252808023808834,71.58470916748047,0.9451375652395866
64.53538513183594,0.8602612533910973,65.23109436035156,0.8686378343422331
72.64493560791016,0.9579030601342607,73.9010238647461,0.9730267993832091
64.82461547851562,0.8637436873062786,65.07508850097656,0.866759469565192
67.43866729736328,0.8952177798919997,69.04170227050781,0.9145188782096073
70.22972106933594,0.9288230375220944,70.7979507446289,0.9356647203384699
67.86995697021484,0.9004106574764155,69.8929672241211,0.9247684041646111
52.27008819580078,0.7125828146651553,58.792640686035156,0.7911166139925764
71.76141357421875,0.9472651477220323,71.78778076171875,0.9475826178251942
72.57222747802734,0.9570276289759468,74.51557159423828,0.9804261676730498
64.9444808959961,0.865186908599906,69.79566192626953,0.9235968145535791
67.1233901977539,0.8914217340172712,68.63166046142578,0.9095818322910786
57.75096130371094,0.7785744321247501,66.31040954589844,0.8816331643636754
72.73274993896484,0.9589603752058444,73.65853118896484,0.9701071032724171
71.0884017944336,0.9391618519436125,73.37963104248047,0.9667490485585324
56.21417999267578,0.7600710509297864,72.02764129638672,0.9504706220420074
63.458160400390625,0.8472910931637134,63.761390686035156,0.8509420912106372
74.7463150024414,0.9832043985179654,74.71507263183594,0.982828229515521
72.1391372680664,0.9518130722988383,73.02320098876953,0.9624575068109871
72.60344696044922,0.9574035223967046,73.58918762207031,0.9692721826220588
71.57061767578125,0.944967898781097,73.77718353271484,0.9715357187366456
71.45655822753906,0.9435945833753476,73.36113739013672,0.9665263785556202
65.9024887084961,0.8767216556814543,66.13528442382812,0.8795245970176171
57.3271484375,0.7734715778913467,58.483680725097656,0.7873966286633971
73.42403411865234,0.9672836770308709,74.85672760009766,0.9845338045749557
71.95758819580078,0.9496271583593591,71.9716567993164,0.949796549236162
77.37499237060547,1.014854587801534,80.16439819335938,1.048440003550181
67.61002349853516,0.8972809681203029,69.07604217529297,0.9149323426003283
69.90264129638672,0.9248848833575536,71.2759017944336,0.9414194171216526
68.54528045654297,0.9085417870051993,72.17933654785156,0.952297085601373
63.370033264160156,0.8462300118090772,66.3199691772461,0.8817482656481841
69.18171691894531,0.9162047032481567,70.6951904296875,0.9344274504254237
64.05406188964844,0.8544659542393969,65.22537231445312,0.86856893892054
74.36646270751953,0.9786308448442895,75.28166198730469,0.989650162311011
69.89391326904297,0.924779794874331,69.7624282836914,0.9231966699443855
66.22541046142578,0.8806097458395648,68.35533142089844,0.9062547345866746
75.87257385253906,0.9967649465789781,76.26082611083984,1.0014396387316993
66.10662078857422,0.8791794768852157,67.32421875,0.8938397795975751
67.24564361572266,0.8928937076668851,70.66727447509766,0.9340913326281236
58.70661163330078,0.7900807942925608,60.341400146484375,0.8097642162702843
72.06038665771484,0.9508648875752165,72.18384552001953,0.9523513751936672
71.00714874267578,0.9381835369555702,74.66050720214844,0.9821712427742554
72.22700500488281,0.9528710303943578,72.3042984008789,0.9538016697505884
61.07573699951172,0.8186058872481298,61.6463508605957,0.8254762764902107
72.63776397705078,0.9578167112057387,73.27093505859375,0.96544031112805
64.59712982177734,0.8610046809214471,65.70238494873047,0.8743123368545649
70.3891830444336,0.9307430151338382,73.15706634521484,0.964069292236357
73.94214630126953,0.973521927813777,74.56616973876953,0.9810353869219415
67.54926300048828,0.8965493906024842,74.42998504638672,0.9793956758856454
70.52410888671875,0.9323675691773619,71.06582641601562,0.9388900365398926
76.63963317871094,1.0060006075083459,78.05127716064453,1.0229972917611623
71.09603118896484,0.93925371250587,71.59715270996094,0.9452873898166286
61.02649688720703,0.8180130191793199,66.95842742919922,0.8894355249401398
68.45360565185547,0.9074379904891133,68.6082992553711,0.9093005552494462
74.13712310791016,0.9758695163428294,74.9173355102539,0.9852635448815292
61.4864387512207,0.8235508791052938,63.15364456176758,0.8436246166120491
69.42861938476562,0.9191774947639336,71.89922332763672,0.9489244250580893
65.21186065673828,0.868406253864782,67.93535614013672,0.9011980862160867
60.219722747802734,0.8082991780931207,61.285213470458984,0.8211280567757525
69.06322479248047,0.9147780168557357,68.9574966430664,0.9135050131839715
65.63156127929688,0.8734595952551287,72.5042495727539,0.9562091513662326
73.40513610839844,0.9670561384181592,73.47984313964844,0.9679556370437845
71.84410858154297,0.9482608243563412,73.35604095458984,0.9664650157000322
60.88167190551758,0.8162692760562671,73.0340347290039,0.9625879488093927
64.16687774658203,0.8558242963734983,66.38362884521484,0.8825147501796606
72.50708770751953,0.9562433234953924,72.7662582397461,0.9593638267952793
60.61944580078125,0.8131119826011961,60.71028137207031,0.8142056744554338
65.62464141845703,0.8733762777251611,66.73772430419922,0.8867781825951552
70.5467758178711,0.9326404869078289,71.48616027832031,0.9439510023569067
70.69682312011719,0.9344471085857469,73.17425537109375,0.964276254083123
73.25190734863281,0.9652112108857798,73.60338592529297,0.96944313512842
74.4240951538086,0.9793247595315826,74.37545013427734,0.9787390565866289
63.90388107299805,0.8526577250016393,68.90552520751953,0.9128792590338735
69.35033416748047,0.9182349135346095,69.48580169677734,0.9198659896780534
68.21739959716797,0.9045939874816215,68.3347396850586,0.9060068029291417
64.86136627197266,0.8641861796346729,65.11951446533203,0.8672943736192174
65.94342803955078,0.877214579458528,66.58736419677734,0.8849677946341846
67.0273208618164,0.8902650258173249,69.08086395263672,0.914990398475675
68.7810287475586,0.9113802783789557,69.47415924072266,0.9197258104600485
71.15038299560547,0.9399081271513923,71.10704803466797,0.9393863591577698
69.70905303955078,0.9225540134508321,70.79100799560547,0.9355811272268155
74.9987564086914,0.9862438808019411,75.4139633178711,0.9912431163211182
56.93193817138672,0.7687131089058465,57.46480941772461,0.7751290639464397
69.28084564208984,0.9173982475335684,73.87702941894531,0.9727378979149094
59.5426025390625,0.8001464154019252,62.16116714477539,0.8316748435102215
67.98868560791016,0.9018401915462665,73.44246673583984,0.9675056121492851
70.89046478271484,0.9367786215164042,75.20043182373047,0.9886721229046556
66.72850799560547,0.8866672150359481,68.70207977294922,0.9104297052807152
69.6354751586914,0.9216681101884209,71.87714385986328,0.9486585805909161
70.52542877197266,0.9323834610546324,74.72860717773438,0.9829911901529657
74.04866027832031,0.9748043931234538,74.0224380493164,0.9744886683709748
58.43477249145508,0.7868077565290454,58.78738784790039,0.791053367995462
59.91767501831055,0.8046624184333467,59.99951934814453,0.8056478526149639
64.43993377685547,0.8591119858966938,64.5989761352539,0.8610269111775134
72.58051300048828,0.9571273895465585,72.9695053100586,0.9618109921738188
73.75491333007812,0.971267577755416,75.61583709716797,0.9936737467984513
71.27045440673828,0.9413538286802007,71.5983657836914,0.9453019956460276
70.51981353759766,0.9323158516808109,71.2272720336914,0.9408338978978232
71.8713607788086,0.948588950284725,72.83407592773438,0.9601803753331861
66.22557830810547,0.8806117667719344,66.21817779541016,0.8805226620265447
67.8527603149414,0.9002036037690871,68.00011444091797,0.9019777986685282
54.84177017211914,0.7435467596183793,60.36036682128906,0.8099925816280563
68.0785903930664,0.9029226764119087,69.48699188232422,0.9198803199257657
68.47660827636719,0.9077149500843197,71.12628173828125,0.9396179396352209
65.81983184814453,0.8757264383499567,67.13432312011719,0.8915533702029862
64.68931579589844,0.8621146320952043,70.6967544555664,0.9344462818406866
66.94219207763672,0.8892400456636559,66.83384704589844,0.8879355338190372
67.68395233154297,0.8981710969685779,72.85192108154297,0.9603952371883064
68.1759262084961,0.9040946334651898,70.84632873535156,0.9362472081637446
72.33800506591797,0.954207509714642,72.92015075683594,0.9612167461965752
64.07109832763672,0.8546710788749178,66.58233642578125,0.8849072585236569
59.09864044189453,0.7948009574235997,60.424156188964844,0.8107606277890912
60.26670837402344,0.8088649013657834,60.425498962402344,0.8107767952480486
69.82621002197266,0.9239646242448581,71.1384048461914,0.939763906068648
67.4875259399414,0.8958060549326966,69.32889556884766,0.917976785354666
74.66718292236328,0.9822516207662306,75.49372100830078,0.9922034266389579
69.60938262939453,0.9213539470655002,69.8978500366211,0.9248271949244559
72.28280639648438,0.953542898546709,72.8952865600586,0.960917372624178
59.026947021484375,0.7939377437200661,69.54743194580078,0.9206080392999695
72.88378143310547,0.9607788468962937,73.5707015991211,0.9690496044797089
54.94240951538086,0.7447584922951178,56.498130798339844,0.7634899173358857
57.38946533203125,0.7742218949638658,60.0983772277832,0.8068381358504153
64.89444732666016,0.8645844870326215,69.27791595458984,0.9173629730776615
72.82247161865234,0.9600406554179926,72.76551055908203,0.9593548244601781
63.196632385253906,0.844142204950089,65.73475646972656,0.8747021012202235
63.34000015258789,0.8458684027057506,63.96036911010742,0.8533378606045937
63.43611145019531,0.8470256161387892,68.3334732055664,0.9059915540758069
71.1849136352539,0.9403238880561697,71.52651977539062,0.9444369447312487
70.28501892089844,0.9294888428773367,72.70207977294922,0.9585910957455693
67.74396514892578,0.8988936721512953,67.83863067626953,0.9000334780077862
61.9091911315918,0.8286409647205434,64.73827362060547,0.8627041013232106
67.87042999267578,0.9004163528312754,76.10005187988281,0.9995038611032473
60.11271286010742,0.8070107418468971,70.51819610595703,0.9322963772416123
69.6233139038086,0.9215216844521824,70.11365509033203,0.9274255627884712
55.79058837890625,0.7549708606526885,56.67644500732422,0.7656368823969677
63.11841583251953,0.8432004504658251,69.94976043701172,0.9254522141900559
70.0752944946289,0.9269636878814406,71.84535217285156,0.9482757976279892
69.43556213378906,0.9192610878755879,69.89649200439453,0.9248108437443741
64.34652709960938,0.8579873370329754,73.24144744873047,0.9650852700549247
64.69698333740234,0.8622069519602731,67.2947998046875,0.8934855652695102
65.4808120727539,0.871644522405483,65.6751480102539,0.8739843946473057
65.94683074951172,0.8772555492692948,66.81353759765625,0.8876910010023078
66.23776245117188,0.8807584680898597,66.49050903320312,0.8838016247963257
67.80359649658203,0.8996116543058998,67.68848419189453,0.8982256621425588
68.22968292236328,0.9047418829868561,68.81261444091797,0.9117605811067018
70.49372100830078,0.9320016885578902,70.86576080322266,0.9364811770158145
70.1716079711914,0.9281233356193791,71.92517852783203,0.9492369346908893
68.92928314208984,0.9131653128247432,70.03334045410156,0.9264585466495866
60.194366455078125,0.8079938795144579,60.17668914794922,0.8077810385917074
60.01176834106445,0.8057953347476683,60.640899658203125,0.8133702945022642
70.44043731689453,0.931360134391084,71.80025482177734,0.9477328098444852
70.31462860107422,0.929845353719458,70.45308685302734,0.9315124392033068
73.22938537597656,0.9649400385059956,74.64388275146484,0.9819710786090963
72.8042221069336,0.9598209249530726,77.27880859375,1.0136965016931538
69.2029037475586,0.9164598000295459,70.86299896240234,0.9364479234922772
60.23578643798828,0.8084925905069538,65.48777770996094,0.871728391098824
63.42249298095703,0.8468616450351597,71.21991729736328,0.940745344315807
71.88042449951172,0.9486980806326869,76.11473846435547,0.999680692685593
68.47283172607422,0.9076694791060023,73.7010726928711,0.9706193177675649
63.57529067993164,0.8487013824457715,65.35362243652344,0.8701131149720883
65.73564147949219,0.8747127570454454,66.21907806396484,0.8805335015728911
66.24127197265625,0.8808007239484982,68.47002410888672,0.9076356744190914
67.82892608642578,0.8999166313725947,68.03433227539062,0.902389793290253
63.26814651489258,0.8450032599304096,63.906490325927734,0.8526891413139314
69.76797485351562,0.9232634525731467,69.84868621826172,0.9242352454612687
55.045654296875,0.7460015953538673,62.500831604003906,0.835764521672206
68.0504150390625,0.9025834353554919,68.20474243164062,0.9044415908088363
69.0794906616211,0.9149738635744686,69.80292510986328,0.9236842658088482
69.87625122070312,0.9245671376727049,70.10175323486328,0.9272822603113495
73.8167495727539,0.9720121076125129,74.11615753173828,0.9756170835177458
69.15868377685547,0.9159273762107014,69.41442108154297,0.9190065422575724
68.81438446044922,0.9117818927571455,70.26677703857422,0.929269204272979
70.29780578613281,0.9296428011796802,70.62679290771484,0.9336039204847854
61.20576095581055,0.820171420880403,66.00544738769531,0.8779613139691191
55.157135009765625,0.7473438618895737,55.62723922729492,0.7530040800844745
70.57394409179688,0.9329676023700277,73.82420349121094,0.9721018553818385
70.70296478271484,0.9345210563383641,73.60726165771484,0.9694898002940469
66.79045104980469,0.8874130309409166,68.74684143066406,0.9109686511994799
71.76897430419922,0.9473561815392295,72.46227264404297,0.955703734552692
73.80950164794922,0.9719248400783683,77.121826171875,1.0118063787641438
71.7477035522461,0.9471000742916555,71.98078155517578,0.9499064144686219
69.27193450927734,0.9172909543968516,73.30518341064453,0.9658526731920238
60.701622009277344,0.8141014127172715,61.77504348754883,0.82702578045437
67.38282012939453,0.8945453605762749,67.69026947021484,0.8982471575141271
71.68257904052734,0.9463159525322257,72.0685806274414,0.950963545819081
71.07981872558594,0.9390585088110728,72.97911071777344,0.961926644621701
60.65211486816406,0.8135053295287827,60.72980499267578,0.8144407456342507
69.03704833984375,0.9144628432666303,71.224853515625,0.9408047780995876
74.15743255615234,0.9761140491595588,74.53460693359375,0.9806553597758823
68.74287414550781,0.910920883707106,68.44654083251953,0.9073529276084629
65.30408477783203,0.8695166643413504,69.8428726196289,0.9241652477128285
71.38030242919922,0.942676437055584,72.21613311767578,0.9527401290931409
72.99469757080078,0.9621143157503931,73.01750946044922,0.962388978831543
69.7636489868164,0.9232113676343466,69.9255599975586,0.9251608324865751
69.11544036865234,0.9154067105438259,70.76084899902344,0.9352180024242117
72.55023956298828,0.9567628868355208,72.54788208007812,0.9567345019217832
60.62797164916992,0.8132146367795189,61.06718444824219,0.818502911557839
61.373748779296875,0.8221940526704695,63.96467590332031,0.8533897158919881
70.7205581665039,0.9347328867949299,74.60297393798828,0.9814785222742717
65.2689437866211,0.8690935545915925,68.1866683959961,0.9042239731368483
70.21744537353516,0.9286752338774221,70.37757110595703,0.9306032033580822
70.85197448730469,0.9363151849798151,73.13461303710938,0.9637989466016331
67.44315338134766,0.895271793902607,67.96985626220703,0.901613479678615
66.32244873046875,0.8817781203309178,73.1155014038086,0.9635688358931781
61.99839782714844,0.8297150443447391,68.37899780273438,0.9065396860507974
65.77123260498047,0.8751412865683765,65.94383239746094,0.8772194480683276
73.72098541259766,0.970859073835057,73.88883209228516,0.9728800062047217
60.25586700439453,0.8087343675068155,60.690834045410156,0.8139715218822394
70.54144287109375,0.9325762763748109,70.76978302001953,0.9353255711426153
73.27371978759766,0.9654738402332739,73.45792388916016,0.9676917216484188
55.30376434326172,0.7491093300356004,58.43712615966797,0.7868360955125019
67.37505340576172,0.8944518465238968,67.70431518554688,0.8984162728092432
69.05809783935547,0.9147162865578987,70.5279769897461,0.9324141424824264
68.93070220947266,0.9131823988893232,70.15684509277344,0.9279455854314109
66.2638931274414,0.8810730905155916,69.03315734863281,0.914415994379879
69.54695129394531,0.9206022520845473,70.35466003417969,0.9303273460896231
69.07311248779297,0.9148970681444214,69.24417877197266,0.9169567656713589
71.8802261352539,0.9486956922580682,71.9803695678711,0.94990145399826
62.273902893066406,0.8330322211084192,67.31764221191406,0.8937605957929091
70.91548919677734,0.9370799241606087,70.94649505615234,0.9374532454856231
69.8729248046875,0.9245270864675607,70.5063247680664,0.9321534422067397
71.53506469726562,0.9445398285609772,73.06226348876953,0.9629278328897454
69.41194152832031,0.9189766875748387,71.49686431884766,0.9440798827257539
70.8610610961914,0.9364245909094638,71.28194427490234,0.9414921706869605
62.18682861328125,0.8319838165113745,63.37910842895508,0.8463392799478825
56.87837600708008,0.7680682018285178,57.105491638183594,0.7708027529760798
73.21096801757812,0.9647182871087061,73.05194854736328,0.9628036374095732
60.44660186767578,0.8110308815632528,67.2145767211914,0.8925196514573727
73.27425384521484,0.965480270472632,74.62418365478516,0.9817338946373474
69.02384185791016,0.9143038326333626,70.35559844970703,0.9303386449387807
56.174720764160156,0.7595959481017908,57.74272918701172,0.7784753145780743
64.3283920288086,0.8577689844764893,65.76139068603516,0.8750227864430643
69.2741470336914,0.9173175939599062,69.50590515136719,0.920108042259602
68.2708511352539,0.9052375625807975,68.57105255126953,0.9088520919845051
72.12982940673828,0.9517010024128841,74.12024688720703,0.9756663207791159
68.71021270751953,0.9105276286400817,70.01651763916016,0.9262559941098089
65.84913635253906,0.8760792747695877,68.12451934814453,0.9034756769966988
66.07772827148438,0.8788316009359466,68.44364166259766,0.907318020594805
55.46933364868164,0.7511028420274313,67.33875274658203,0.8940147739686756
67.4220199584961,0.8950173401451538,68.2641372680664,0.9051567252860109
63.60772705078125,0.8490919276262092,73.53068542480469,0.9685677958306684
69.48066711425781,0.9198041675196542,69.54869079589844,0.9206231962927419
63.28074645996094,0.8451549676489778,71.97566986083984,0.9498448678919094
72.06295013427734,0.9508957527241351,71.98296356201172,0.9499326865894275
54.88011169433594,0.7440084048740043,56.87764358520508,0.768059383214541
76.73815155029297,1.007186802948777,77.18500518798828,1.012567076080198
72.32874298095703,0.9540959909920614,73.08190155029297,0.9631642819769961
68.97871398925781,0.9137604774076095,69.62572479248047,0.9215507123898559
64.05307006835938,0.8544540123663034,64.7068099975586,0.8623252683644608
63.90058898925781,0.8526180871690252,64.45624542236328,0.8593083837788004
69.77397918701172,0.9233357468356433,72.32709503173828,0.9540761491106138
73.15364837646484,0.9640281387044656,73.45175170898438,0.9676174064535524
73.87841796875,0.9727546165372402,75.25402069091797,0.9893173514939522
63.885841369628906,0.8524405207021815,64.58818817138672,0.8608970203424813
66.3794937133789,0.8824649617549171,66.35707092285156,0.8821949835624423
67.3127212524414,0.8937013457302531,67.67918395996094,0.898113684117167
72.14009857177734,0.9518246467296827,72.1894302368164,0.9524186171252397
74.09197235107422,0.9753258855353896,74.5730209350586,0.9811178777068488
65.25371551513672,0.8689102009093266,65.6964340209961,0.8742406856160041
68.38448333740234,0.9066057337950605,69.37480926513672,0.9185296022183316
69.86209869384766,0.9243967363297173,71.26058197021484,0.9412349611126395
69.62696838378906,0.9215656856615038,70.86153411865234,0.9364302862643238
61.82633972167969,0.8276434049447082,62.40436935424805,0.8346030826533035
71.67893981933594,0.9462721350440289,71.86836242675781,0.9485528490837578
69.02008819580078,0.9142586372367318,71.0136947631836,0.9382623533179871
63.64004898071289,0.8494810948982131,64.46521759033203,0.8594164118000152
63.24260711669922,0.8446957566982526,64.0751724243164,0.8547201324151633
68.95559692382812,0.9134821399039693,72.07781219482422,0.9510746970994126
58.6977424621582,0.7899740063889366,68.55425262451172,0.9086498150264142
60.02855682373047,0.8059974739149159,64.78990936279297,0.8633258136085693
73.32678985595703,0.966112822304337,73.64363861083984,0.9699277914548905
68.37964630126953,0.9065474941985893,75.73841857910156,0.9951496704522423
75.89336395263672,0.9970152666111297,77.1868896484375,1.0125897656390757
60.974365234375,0.8173853359574145,63.2009391784668,0.8441940602374833
54.22211456298828,0.7360858906821072,54.65706253051758,0.7413228154061255
68.8656997680664,0.9123997468988894,68.9340591430664,0.9132228175367164
72.33747100830078,0.954201079475284,73.14234161376953,0.9638920013512
72.66392517089844,0.9581317010737197,74.5847396850586,0.9812589755304763
66.47946166992188,0.883668610702177,70.75299072265625,0.9351233860450865
68.76506042480469,0.9111880142221508,71.90247344970703,0.948963557657611
63.48865509033203,0.8476582598310566,63.740028381347656,0.8506848816363163
72.24742889404297,0.953116941119521,72.68172454833984,0.9583460117654664
71.47464752197266,0.9438123847684601,71.98441314697266,0.9499501400962564
73.78157806396484,0.9715886304205059,73.25810241699219,0.9652858016623328
62.416603088378906,0.8347503810648833,63.60558319091797,0.8490661148082149
70.60625457763672,0.9333566318511882,72.83499908447266,0.9601914904612193
71.45260620117188,0.9435469996040982,71.92322540283203,0.9492134183869514
67.00313568115234,0.8899738278349687,67.52063751220703,0.8962047297728941
66.36126708984375,0.8822455068716839,67.95775604248047,0.9014677888268746
70.0525131225586,0.9266893922425398,70.70053100585938,0.934491752819004
64.73674774169922,0.8626857292107591,69.4050064086914,0.9188931863237467
64.08960723876953,0.8548939325989544,66.15071868896484,0.879710430935064
72.94002532958984,0.9614560429612559,74.09278106689453,0.9753356227549889
74.64186096191406,0.981946735560098,74.86421966552734,0.9846240116470926
63.48627471923828,0.8476295993356323,68.01834869384766,0.9021973454123237
75.51023864746094,0.9924023047562454,75.8387451171875,0.9963576368459284
75.85054779052734,0.9964997451357407,75.99666595458984,0.998259058624096
70.38443756103516,0.930685877864114,70.6575698852539,0.9339744859929321
67.5387191772461,0.8964224393054444,68.38326263427734,0.9065910361050993
73.68112182617188,0.9703791023972616,75.1964111328125,0.9886237123883459
68.68428802490234,0.9102154864495308,68.76508331298828,0.9111882898038376
71.66553497314453,0.9461107360361425,74.66087341308594,0.9821756520812437
67.00560760498047,0.8900035906571401,67.8466567993164,0.9001301153192811
64.08551025390625,0.8548446034770222,64.94718170166016,0.8652194272389452
68.2369155883789,0.9048289667998761,68.94709014892578,0.9133797153770522
70.13838958740234,0.9277233747313101,70.49768829345703,0.9320494560502641
71.1147689819336,0.9394793220467743,72.70081329345703,0.9585758468922346
63.035423278808594,0.8422011912695883,64.95919799804688,0.8653641076245008
71.24715423583984,0.9410732865230663,71.9539794921875,0.9495837083134113
66.01807403564453,0.8781133431996553,71.63679504394531,0.9457646972981185
59.98011779785156,0.8054142512051431,60.39140319824219,0.8103662703953198
63.43049240112305,0.8469579608346867,64.16285705566406,0.8557758858571886
71.81842803955078,0.9479516217037826,73.97293853759766,0.9738926770430483
71.34965515136719,0.9423074331769956,72.32060241699219,0.9539979757721326
67.00935363769531,0.8900486941932085,67.8951644897461,0.9007141647741143
58.43201446533203,0.7867745489357894,69.6363754272461,0.9216789497347673
67.17053985595703,0.8919894322920224,67.23077392578125,0.8927146714310453
68.41437530517578,0.9069656434779854,68.87911224365234,0.912561237767338
69.83627319335938,0.9240857883264757,70.05313873291016,0.9266969248086449
67.48358917236328,0.8957586548825718,68.21700286865234,0.9045892107323841
65.95606231689453,0.8773667005496264,66.28396606445312,0.881314775654891
56.14517593383789,0.7592402180744486,67.04183197021484,0.8904397446067387
70.52873229980469,0.9324232366780899,70.67607116699219,0.9341972478564065
67.61428833007812,0.8973323181746048,71.85667419433594,0.9484121187023793
72.53382873535156,0.956565294766105,72.56300354003906,0.9569165695561775
66.86509704589844,0.8883117946820439,67.21409606933594,0.8925138642419504
69.6172103881836,0.9214481960023765,70.14607238769531,0.9278158783175033
58.191627502441406,0.7838802063401804,60.632720947265625,0.8132718199795241
71.69181060791016,0.9464271038125572,73.1177749633789,0.9635962103407308
73.05968475341797,0.9628967840197024,73.82575225830078,0.9721205030759767
71.18365478515625,0.9403087310633972,72.45901489257812,0.955664510092608
72.8421401977539,0.9602774719474924,73.94332122802734,0.9735360743403647
62.4612922668457,0.8352884543083066,64.19801330566406,0.8561991793280711
67.05040740966797,0.8905429958787161,66.97004699707031,0.8895754285764579
71.12886810302734,0.9396490803658262,71.49320983886719,0.9440358815164326
62.61983871459961,0.8371974086525794,63.759788513183594,0.8509228004925632
65.05236053466797,0.866485816950227,70.08395385742188,0.9270679496196028
67.84662628173828,0.900129747877032,71.16329193115234,0.940063555222732
72.72779083251953,0.958900665840377,73.98587799072266,0.974048472556637
74.04561614990234,0.9747677407591131,75.0396499633789,0.9867362534156412
71.64862823486328,0.9459071730301799,71.224609375,0.9408018385615954
73.20475006103516,0.9646434207504663,74.7907485961914,0.983739394432553
71.96613311767578,0.9497300421890875,72.95532989501953,0.9616403152491444
70.71172332763672,0.9346265122638358,72.23286437988281,0.9529415793061715
71.2282943725586,0.9408462072131658,74.04399871826172,0.9747482663199145
58.89104461669922,0.7923014315245734,60.1359748840332,0.8072908247012203
71.89321899414062,0.9488521307955927,72.66033935546875,0.9580885266094586
75.12097930908203,0.9877154870093061,75.6864242553711,0.9945236407204575
70.89331817626953,0.9368129773666884,71.01045989990234,0.93822340443959
75.19791412353516,0.9886418089191106,75.48917388916016,0.9921486777438525
68.34125518798828,0.9060852518493095,73.76520538330078,0.9713914976539013
71.87749481201172,0.94866280617678,73.10867309570312,0.9634866206899577
71.39031219482422,0.9427969581132658,71.70897674560547,0.9466337900776366
70.36400604248047,0.9304398752783885,73.83515167236328,0.972233675288678
70.00908660888672,0.9261665219221701,70.79569244384766,0.9356375296120417
70.9010238647461,0.9369057565345685,72.93175506591797,0.9613564661117687
68.5876693725586,0.909052164289102,69.17754364013672,0.9161544555206019
69.37459564208984,0.9185270301225883,69.81551361083984,0.9238358357365731
68.74331665039062,0.910926211619717,71.06954193115234,0.938934772633712
68.0716781616211,0.9028394507425035,72.20704650878906,0.9526307231634922
71.4206771850586,0.9431625631510506,71.49493408203125,0.9440566420035027
63.411983489990234,0.8467351071106499,65.5978775024414,0.8730540308727619
66.61775970458984,0.8853337671142184,66.7492446899414,0.886916892044164
66.42756652832031,0.8830437751577015,66.70283508300781,0.8863581042439517
64.85821533203125,0.8641482412224606,65.08463287353516,0.8668743871285761
61.78944396972656,0.827199167265631,64.71321105957031,0.8624023393761948
71.83435821533203,0.9481434265577762,75.04386138916016,0.9867869604460073
64.62956237792969,0.8613951801716037,71.56417083740234,0.9448902766059895
63.631954193115234,0.8493836308416579,74.40705108642578,0.9791195430354993
63.22048568725586,0.844429406997987,70.10301208496094,0.9272974173041221
67.34363555908203,0.8940735647285204,72.3094711303711,0.953863951211799
67.90262603759766,0.900804004404002,69.67217254638672,0.9221099594928794
74.58446502685547,0.9812556685502349,74.91036224365234,0.9851795843276259
64.36504364013672,0.8582102826175743,65.20458221435547,0.8683186188883883
62.1900749206543,0.8320229031806151,70.769775390625,0.935325479282053
71.04895782470703,0.9386869328367412,73.46512603759766,0.9677784380191898
59.327667236328125,0.7975585196420072,63.3541259765625,0.8460384825367703
68.71053314208984,0.9105314867836966,73.69017791748047,0.9704881408846612
74.18074798583984,0.9763947750378177,75.33843994140625,0.9903337886153313
70.7238998413086,0.9347731217211988,71.91839599609375,0.9491552706510424
71.83712005615234,0.9481766800813134,72.43907165527344,0.955424386582867
65.8283462524414,0.875828954737436,65.97437286376953,0.8775871658990444
63.173240661621094,0.8438605604662075,63.8206787109375,0.8516559396399402
66.93504333496094,0.8891539723168206,70.0558090209961,0.926729076005435
69.17101287841797,0.9160758228793096,69.12319946289062,0.9155001327356418
65.4107894897461,0.8708014261650837,65.76832580566406,0.8751062876941564
73.76509094238281,0.9713901197454675,74.94270324707031,0.9855689812510353
68.0999984741211,0.9031804371496033,68.34069061279297,0.9060784541677025
69.96863555908203,0.9256794772210809,69.95903778076172,0.9255639166337609
71.2820816040039,0.941493824177081,71.43769073486328,0.9433674122048848
64.44609832763672,0.8591862092309979,66.17649841308594,0.8800208277749321
70.18324279785156,0.9282634229768217,72.99079132080078,0.9620672831425172
68.54497528076172,0.908538112582709,68.32413482666016,0.9058791167476038
67.84127807617188,0.9000653536228895,69.54703521728516,0.9206032625507321
68.8361587524414,0.9120440628018284,73.7476806640625,0.9711804939423959
69.0763168334961,0.9149356495805695,69.2741470336914,0.9173175939599062
72.3978500366211,0.9549280639649897,73.3109359741211,0.965921936055966
64.29679107666016,0.8573884980276189,68.7446517944336,0.910942287218112
62.29851150512695,0.8333285173519808,69.84076690673828,0.9241398941976454
66.7484359741211,0.8869071548245646,67.18128204345703,0.8921187719636811
64.42850494384766,0.8589743787744321,70.2369155883789,0.9289096620323032
70.27301788330078,0.9293443462129056,70.69091033935547,0.9343759166499973
64.8388442993164,0.8639150072548889,66.79158782958984,0.887426718164693
60.72258377075195,0.814353799612074,69.64616394042969,0.9217968068361436
72.52800750732422,0.9564952051571025,72.96912384033203,0.961806399145706
62.727699279785156,0.8384960873514947,64.77790069580078,0.863181225083576
73.4453353881836,0.9675401517206939,74.01762390136719,0.9744307043561904
69.94087219238281,0.9253451966350259,70.803466796875,0.9357311355249821
71.153076171875,0.9399405539298692,73.4615249633789,0.9677350798338042
64.28563690185547,0.8572541978855983,70.22838592529297,0.9288069619236994
70.13787078857422,0.9277171282130765,71.41936492919922,0.9431467631343423
68.14269256591797,0.9036944888559961,69.82421875,0.9239406486381089
69.6523208618164,0.9218709383098854,72.33990478515625,0.9542303829946441
70.70116424560547,0.9344993772456713,71.8279037475586,0.9480657125221064
64.0780029296875,0.8547542126837608,65.3281478881836,0.8698063925547106
58.57072448730469,0.7884446658181927,60.05364990234375,0.8062996033041808
72.09642028808594,0.9512987450107586,72.1161117553711,0.9515358371219452
72.01900482177734,0.9503666358855319,79.7149658203125,1.0430286815487169
69.61177825927734,0.9213827912820491,70.16108703613281,0.927996659904026
63.87890625,0.8523570194510894,64.76526641845703,0.8630291039924777
75.23273468017578,0.9890610605252538,75.72561645507812,0.9949955284287743
65.8045425415039,0.8755423497831927,68.6502914428711,0.9098061557841114
73.38582611083984,0.9668236393350854,74.2260971069336,0.9769407942198762
71.50413513183594,0.9441674258415853,71.64952850341797,0.9459180125765262
58.58917236328125,0.7886667846577313,60.546852111816406,0.8122379293513161
68.27193450927734,0.9052506067806381,71.22827911376953,0.9408460234920413
75.10761260986328,0.987554547304231,76.11441802978516,0.9996768345419782
58.41029357910156,0.7865130219150422,62.79014587402344,0.8392479660535722
65.43286895751953,0.8710672706322569,68.10353088378906,0.9032229685899285
49.66551971435547,0.6812229047583203,57.665687561035156,0.7775477066203982
68.95745086669922,0.9135044620205979,69.16931915283203,0.9160554298344883
63.05289077758789,0.8424115060268768,67.17578887939453,0.8920526323588557
72.41352844238281,0.9551168374204289,72.4756851196289,0.9558652254211406
68.86004638671875,0.9123316782222566,69.95655822753906,0.9255340619510273
73.04996490478516,0.9627797536633863,74.5846176147461,0.9812575057614801
66.62203216552734,0.8853852090290826,67.98768615722656,0.9018281578126108
72.46761322021484,0.9557680369462722,75.03195190429688,0.9866435661083235
74.44441986083984,0.9795694760694365,75.11697387695312,0.9876672602141209
74.42754364013672,0.9793662805057229,74.90473937988281,0.985111883093242
68.19512176513672,0.9043257546398297,68.68872833251953,0.9102689492967646
57.98554992675781,0.7813989606930434,65.88119506835938,0.8764652728521937
58.521827697753906,0.7878559314746845,58.841854095458984,0.7917091605494182
59.20840835571289,0.7961226012630793,63.4490966796875,0.8471819628157515
73.1249008178711,0.9636820081058793,73.2156753540039,0.964774965075619
75.08570098876953,0.9872907237694274,74.54389953613281,0.9807672459407119
70.84391021728516,0.936218088365509,71.37216186523438,0.9425784218356552
60.28778076171875,0.8091186202387386,63.956703186035156,0.853293721604429
65.87952423095703,0.8764451553890593,70.5952377319336,0.9332239851992884
72.34293365478516,0.9542668516378603,73.88619232177734,0.9728482224501805
64.66881561279297,0.8618678027644184,67.11969757080078,0.8913772735051386
52.853553771972656,0.7196079430243589,69.79878997802734,0.9236344773841046
60.40890884399414,0.8105770444554196,60.889495849609375,0.8163634790628622
70.04267120361328,0.9265708921172275,72.1192398071289,0.9515734999524708
64.3268814086914,0.8577507960851624,64.57025146484375,0.860681056160614
68.41377258300781,0.906958386493567,69.44123077392578,0.9193293402733452
69.83312225341797,0.9240478499142634,69.49378967285156,0.9199621676867371
60.7852783203125,0.8151086637824249,63.22857666015625,0.844526825124261
66.03751373291016,0.8783474039122874,71.62798309326172,0.9456585983487111
63.69444274902344,0.8501360147768279,63.751129150390625,0.8508185387544009
69.752197265625,0.9230734849303982,72.5670394897461,0.9569651637936119
61.287269592285156,0.8211528131972808,65.5936050415039,0.8730025889578976
71.02784729003906,0.9384327546609748,71.17655944824219,0.9402233007404978
73.29993438720703,0.9657894731251907,74.24302673339844,0.9771446328075256
61.762264251708984,0.8268719140125887,73.85594940185547,0.9724840871813919
67.9793930053711,0.9017283053814369,69.8256607055664,0.9239580102843755
70.11572265625,0.927450457000843,70.9993667602539,0.9380898391820676
70.41460418701172,0.9310490945272801,71.13928985595703,0.9397745618938699
72.15260314941406,0.9519752061912228,72.85123443603516,0.9603869697377032
72.68310546875,0.958362638527235,72.18659210205078,0.9523844449960799
73.7481689453125,0.9711863730183804,73.70405578613281,0.9706552352474076
55.73057556152344,0.754248285469971,71.67977142333984,0.946282147845315
67.33721160888672,0.8939962181350996,67.9615707397461,0.9015137191080034
69.38452911376953,0.9186466325746476,70.00878143310547,0.9261628474996798
58.42601013183594,0.7867022546732927,66.06609344482422,0.878691513578504
70.18782806396484,0.9283186311747386,71.01525115966797,0.9382810928726877
60.224063873291016,0.8083514467530452,63.78129959106445,0.8511818013478483
68.59326934814453,0.909119589941799,70.20233917236328,0.9284933499641522
72.44094848632812,0.9554469842811822,72.31897735595703,0.9539784094723718
62.65884780883789,0.837667091707402,63.7883415222168,0.8512665886468119
70.57726287841797,0.9330075617146097,70.8847427368164,0.936709726094711
58.29546356201172,0.7851304285925048,58.87408447265625,0.792097225494675
61.21503829956055,0.8202831233241081,67.15926361083984,0.8918536623810059
58.942420959472656,0.7929200205508153,67.90528106689453,0.9008359718796677
61.657135009765625,0.8256061213949617,62.47675704956055,0.8354746556680025
72.54246520996094,0.9566692809225804,72.963623046875,0.9617401676803183
64.87328338623047,0.8643296658329191,66.71121978759766,0.8864590590018726
65.6297378540039,0.8734376405807491,66.32882690429688,0.8818549157609651
67.8938980102539,0.9006989159207794,69.26264190673828,0.9171790682320219
67.6811294555664,0.8981371085605426,68.25592803955078,0.9050578833210218
59.85230255126953,0.8038753112056434,64.48072814941406,0.8596031643230846
71.01789093017578,0.9383128766272287,71.38196563720703,0.9426964626581561
67.2802963256836,0.8933109383406587,67.1710433959961,0.8919954950891315
64.64483642578125,0.8615790850172432,71.71393585205078,0.946693499443104
70.14388275146484,0.9277895143361354,71.3716812133789,0.942572634620233
63.9861946105957,0.8536488086078353,67.43074035644531,0.8951223367678142
61.571014404296875,0.8245691993681992,64.80601501464844,0.8635197312554949
66.11769104003906,0.8793127665610513,67.68042755126953,0.898128657388815
70.8572006225586,0.9363781094649616,74.31819152832031,0.9780496430668864
70.66353607177734,0.9340463209526174,70.91556549072266,0.9370808427662314
75.04419708251953,0.9867910023107467,76.34070587158203,1.0024014188185353
61.0209846496582,0.8179466499230889,71.67356872558594,0.9462074652081995
73.78008270263672,0.9715706257503034,75.56279754638672,0.9930351321696372
61.541629791259766,0.8242153984126644,62.35484313964844,0.8340067698134089
68.00548553466797,0.9020424685043575,68.20868682861328,0.9044890827195234
72.00096893310547,0.9501494775163551,72.51234436035156,0.9563066154227878
70.29656219482422,0.9296278279080322,74.11067962646484,0.975551127634045
65.54688262939453,0.8724400348746328,67.68065643310547,0.8981314132056827
64.64635467529297,0.8615973652691324,64.5473861694336,0.8604057500555283
71.7107162475586,0.9466547342858312,76.02445220947266,0.9985936147918378
63.62035369873047,0.8492439568567454,63.85416793823242,0.8520591615779695
65.08747100830078,0.8669085592577359,68.06098175048828,0.9027106622342185
61.26603698730469,0.8208971652525183,64.67333221435547,0.8619221842172748
68.88255310058594,0.9126026668809161,70.83672332763672,0.9361315557158625
71.99542236328125,0.950082694887594,73.29780578613281,0.9657638440283208
60.8525390625,0.8159185064992869,64.28053283691406,0.857192743169448
67.30753326416016,0.893638880547918,67.60882568359375,0.8972665460120284
69.55944061279297,0.9207526278249627,69.94593048095703,0.9254061001878026
69.75941467285156,0.9231603850222938,70.03580474853516,0.9264882176111958
72.190673828125,0.9524335903968877,72.59579467773438,0.9573113862527602
66.17278289794922,0.8799760916811127,66.33707427978516,0.8819542170287654
68.4178237915039,0.9070071644521257,68.82547760009766,0.9119154580146679
70.37602996826172,0.9305846475245063,72.13187408447266,0.9517256210435692
67.92666625976562,0.9010934570356753,70.03726196289062,0.926505762978587
62.9066276550293,0.8406504471878384,65.47684478759766,0.8715967549131091
73.28515625,0.9656115392160979,74.58848571777344,0.9813040790665447
68.90857696533203,0.9129160032587764,69.20415496826172,0.916474865161756
67.70488739013672,0.8984231623514125,67.7261734008789,0.8986794533201109
71.24600982666016,0.9410595074387277,71.40804290771484,0.9430104420599522
68.54190826416016,0.9085011846366815,68.58421325683594,0.9090105514543992
70.27863311767578,0.9294119555867272,70.89315032958984,0.9368109564343188
58.24143600463867,0.7844799180208785,63.274444580078125,0.8450790908245531
72.94058990478516,0.9614628406428629,72.92732238769531,0.9613030951250972
60.18901062011719,0.8079293933997531,67.45335388183594,0.8953946114743453
56.63120651245117,0.7650921951930619,60.62247848510742,0.8131484971746935
73.54187774658203,0.9687025552755001,75.65962219238281,0.994200934565247
68.5338134765625,0.9084037205801263,69.0707778930664,0.9148689588123706
73.40072631835938,0.9670030430131743,73.68704986572266,0.9704504780541356
61.277259826660156,0.821032292139599,61.329139709472656,0.82165694396295
64.80181884765625,0.8634692079462533,71.28585052490234,0.9415392032948363
67.6065902709961,0.897239630867287,73.61107635498047,0.9695357305751755
71.8037109375,0.9477744226791878,74.3655014038086,0.9786192704134451
67.04740905761719,0.8905068946777489,67.98638153076172,0.9018124496564648
66.03922271728516,0.8783679806782331,67.19310760498047,0.8922611558351802
68.0330581665039,0.9023744525763561,69.9414291381836,0.9253519024560707
73.91120147705078,0.9731493413732606,75.0739974975586,0.9871498096669244
65.48299407958984,0.8716707945262886,69.18338775634766,0.9162248207112912
64.58988952636719,0.8609175052478647,69.85962677001953,0.9243669735075459
71.77664947509766,0.9474485932648605,73.05501556396484,0.9628405653556008
61.10342788696289,0.8189392951588433,65.43555450439453,0.8710996055501715
74.53495025634766,0.9806594935011839,74.49071502685547,0.9801268859612149
71.03837585449219,0.9385595222368901,71.31159973144531,0.9418492326924554
65.82833862304688,0.8758288628768738,67.0237808227539,0.8902224025164375
69.71244812011719,0.9225948914010367,70.41522979736328,0.9310566270933852
58.21797180175781,0.7841974008616556,58.15288543701172,0.7834137384050369
71.4461898803711,0.9434697448712397,73.48078155517578,0.9679669358929421
69.3389892578125,0.9180983168785326,69.60078430175781,0.9212504202118361
69.48210144042969,0.9198214373053586,71.9095230102539,0.9490484368171369
65.88902282714844,0.8765595217890699,67.22981262207031,0.8927030970002009
70.90135192871094,0.9369097065387456,71.16447448730469,0.9400777936098819
68.7790756225586,0.9113567620750178,69.09972381591797,0.9152174777855755
68.81080627441406,0.9117388101534467,69.46385955810547,0.9196017987010009
72.49056243896484,0.9560443535175427,73.51605987548828,0.9683916991328207
73.68172454833984,0.9703863593816799,73.25237274169922,0.9652168143800774
72.95816040039062,0.9616743955177419,73.38367462158203,0.9667977346565289
71.15571594238281,0.9399723376844102,72.11512756347656,0.951523987109414
67.68657684326172,0.8982026970019945,70.55907440185547,0.9327885661341879
72.55612182617188,0.9568337113290213,73.16471099853516,0.9641613365197389
66.40475463867188,0.8827691120765516,69.93125915527344,0.9252294523265815
72.2605209350586,0.953274573844355,73.92383575439453,0.973301462464359
68.85884857177734,0.9123172561139821,69.38227844238281,0.9186195337087816
69.82857513427734,0.9239931010191579,72.30107879638672,0.9537629045933157
72.93282318115234,0.9613693265904848,73.8335952758789,0.9722149357339774
72.59532928466797,0.9573057827584626,74.1448745727539,0.975962846674083
73.2830581665039,0.9655862775614771,75.3488998413086,0.9904597294461863
63.060646057128906,0.8425048822884115,78.24838256835938,1.0253705093870844
68.58252716064453,0.9089902502701404,68.69783782958984,0.9103786308081001
75.02747344970703,0.9865896439582783,73.8239974975586,0.9720993751466576
64.50236511230469,0.8598636808776469,70.43309783935547,0.9312717645301922
65.61012268066406,0.8732014670751851,69.83782196044922,0.924104436020614
59.4167366027832,0.7986309457760823,60.339393615722656,0.8097400569424105
66.00741577148438,0.8779850139941816,67.7492446899414,0.8989572396603774
63.803035736083984,0.8514435120897198,64.28404235839844,0.8572349990280865
68.4945068359375,0.9079304549633758,71.43934631347656,0.9433873459468947
63.279720306396484,0.8451426124033542,68.76824188232422,0.9112263200766122
70.77034759521484,0.9353323688242223,71.0174560546875,0.9383076405751801
51.85704040527344,0.7076095756850971,63.474365234375,0.8474862049979484
59.85161590576172,0.8038670437550403,63.20616912841797,0.8442570306529108
58.66687774658203,0.7896023844843238,59.59388732910156,0.80076390210142
73.00798797607422,0.9622743368498456,73.84575653076172,0.9723613614702159
75.84796905517578,0.9964686962656977,76.07465362548828,0.9991980572914921
63.83137512207031,0.8517847281482253,68.79338073730469,0.9115290006292506
71.33036041259766,0.9420751178150465,71.35204315185547,0.9423361855329823
62.95230484008789,0.8412004163740741,67.75521850585938,0.8990291664806251
39.269569396972656,0.5560520491361458,69.61991119384766,0.9214807146414156
70.27772521972656,0.9294010241798185,70.67475128173828,0.934181355979136
65.33146667480469,0.8698463518992926,68.23468017578125,0.9048020516551347
69.9746322631836,0.9257516796230153,69.88792419433594,0.9247076843329589
68.76187896728516,0.9111497083676894,68.75348663330078,0.9110486617492062
75.90550231933594,0.9971614167656814,76.73079681396484,1.0070982493667606
64.97625732421875,0.8655695078417085,66.53778839111328,0.8843708847006354
70.49159240722656,0.9319760594610205,74.45318603515625,0.9796750238554703
62.33408737182617,0.8337568631537875,63.18194580078125,0.8439653733677434
65.6577377319336,0.8737747688442341,69.25969696044922,0.9171436100549906
68.03414154052734,0.9023874967761967,68.14849090576172,0.9037643028833119
67.41776275634766,0.8949660819514141,67.44688415527344,0.895316713717551
66.03173065185547,0.8782777736060962,67.21924591064453,0.8925758701214743
66.98995971679688,0.8898151846439499,67.30767059326172,0.8936405340380386
71.53380584716797,0.9445246715682046,71.97065734863281,0.9497845155025062
67.97676086425781,0.9016966134874581,71.67269897460938,0.9461969931041022
68.4229507446289,0.9070688947499628,69.77788543701172,0.9233827794435192
71.65238189697266,0.9459523684268105,72.00910186767578,0.9502474008757217
72.3016128540039,0.9537693348326738,72.90196990966797,0.9609978424767155
61.364234924316406,0.8220795025493344,68.81648254394531,0.9118071544117663
75.0116958618164,0.9863996763155298,75.44221496582031,0.9915832759831577
65.53450775146484,0.8722910370426512,66.29051208496094,0.8813935920173079
65.9290542602539,0.8770415141592349,69.8322525024414,0.924037377810166
75.14535522460938,0.9880089815057187,74.94251251220703,0.985566684736979
64.5807876586914,0.8608079155970916,78.21540069580078,1.0249733961764453
67.6845474243164,0.898178262092434,69.51658630371094,0.9202366470467624
70.48046112060547,0.9318420349006867,70.50556182861328,0.9321442561505139
72.72689819335938,0.9588899181545929,74.23497009277344,0.9770476280537816
69.96196746826172,0.9255991910896678,71.04183197021484,0.9386011350715928
69.66448211669922,0.9220173640461239,73.24250793457031,0.9650980386730785
69.0793228149414,0.914971842642099,70.19136047363281,0.9283611626150637
76.03458404541016,0.9987156056185158,76.92436981201172,1.0094289355523576
71.48407745361328,0.9439259244234104,71.37399291992188,0.9426004683705971
66.27328491210938,0.8811861708677305,67.63762664794922,0.8976133196345505
71.30066680908203,0.9417175965067404,71.15276336669922,0.9399367876468167
72.26759338378906,0.9533597285855676,72.4776611328125,0.9558890173067653
62.15932846069336,0.8316527051147174,64.85116577148438,0.8640633620629347
69.26903533935547,0.9172560473831937,69.37757110595703,0.9185628557418687
65.73059844970703,0.8746520372137931,68.67210388183594,0.9100687851316056
70.70633697509766,0.934561658706882,70.80498504638672,0.9357494157768713
69.97093963623047,0.9257072191108826,70.1513900756836,0.9278799051293968
64.587158203125,0.8608846191665765,65.61373138427734,0.873244917121133
76.59069061279297,1.0054113220014642,77.30199432373047,1.0139756659418544
65.57473754882812,0.872775417787435,65.93576049804688,0.8771222595934592
67.5296401977539,0.896313125236358,68.99032592773438,0.9139002891833654
66.48221588134766,0.8837017723651519,68.10099792480469,0.903192470883259
73.36327362060547,0.9665520995130523,74.36852264404297,0.978655647196099
60.6912956237793,0.8139770794462561,64.27964782714844,0.8571820873442262
68.34222412109375,0.9060969181407162,68.5522232055664,0.9086253801168537
68.76428985595703,0.9111787363053628,69.76738739013672,0.9232563793098528
